date,time,DOY,Pa_1_1_1,Ta_1_1_1,Ta_1_3_1,RH_1_3_1,RH_1_1_1,Ta_1_5_1,Ta_1_4_1,Ta_1_3_2,Ta_1_2_1,MWS_1_4_1,WD_1_4_1,MWS_1_1_1,WD_1_1_1,P_1_1_1,SWin_1_1_1,SWout_1_1_1,LWin_1_1_1,LWout_1_1_1,Rn_1_1_1,Ts_1_6_1,Ts_1_7_1,Ts_1_8_1,Ts_1_9_1,Ts_1_10_1,Ts_1_11_1,Ts_1_12_1,SWC_1_6_1,SWC_1_8_1,SWC_1_9_1
[yyyy-mm-dd],[HH:MM],[ddd.ddd],[Pa],[K],[K],[%],[%],[K],[K],[K],[K],[m/s],[Degrees_past_North],[m/s],[Degrees_past_North],[m],[W/m^2],[W/m^2],[W/m^2],[W/m^2],[W/m^2],[K],[K],[K],[K],[K],[K],[K],[m^3/m^3],[m^3/m^3],[m^3/m^3]
2015-07-14,00:00,195.0,100441.0,287.837,286.94,60.4767,56.4967,286.593,286.757,287.237,288.06,2.33228,82.9363,4.83362,83.4139,0.0,19.8733,3.5,311.833,371.067,-42.86,287.92,280.503,279.187,275.26,272.877,272.17,270.93,0.0919333,0.484267,0.6115
2015-07-14,00:30,195.0208,100443.0,286.643,285.52,67.7933,62.11,283.323,284.747,285.623,286.72,1.62842,17.8218,3.8648,69.5185,0.0,10.7933,0.82,309.97,357.877,-37.9267,287.467,280.193,279.083,275.27,272.873,272.17,270.93,0.0923,0.484367,0.6114
2015-07-14,01:00,195.0416,100426.0,285.863,283.91,70.1033,61.17,281.943,282.89,284.06,285.887,1.62154,33.6343,3.99309,94.5099,0.0,5.18667,0.0,304.773,350.17,-40.2167,286.82,279.817,278.97,275.277,272.87,272.163,270.923,0.0926,0.484567,0.611433
2015-07-14,01:30,195.0624,100421.0,284.593,281.567,81.1133,66.02,279.853,280.803,282.017,284.93,1.42877,308.6,2.81599,315.117,0.0,5.36333,0.0,300.11,342.257,-36.7767,286.243,279.47,278.85,275.287,272.87,272.17,270.93,0.0929,0.484733,0.611467
2015-07-14,02:00,195.0833,100405.0,284.71,280.973,82.3,62.4767,277.38,279.853,281.707,285.167,1.15782,10.5315,2.60153,21.9839,0.0,8.59333,1.91,299.837,336.567,-30.0433,285.62,279.12,278.73,275.29,272.87,272.17,270.93,0.0932,0.4849,0.611433
2015-07-14,02:30,195.1041,100405.0,284.73,282.137,73.03,59.5433,277.963,280.837,282.903,285.18,1.07241,354.072,2.81385,45.9897,0.0,11.8433,2.08667,298.343,335.53,-27.4333,285.05,278.797,278.597,275.287,272.87,272.17,270.93,0.0936333,0.4851,0.611367
2015-07-14,03:00,195.1249,100408.0,284.177,281.65,73.2667,60.08,276.757,280.253,282.403,284.407,0.893368,48.2862,2.95137,57.291,0.0,18.3333,2.68667,295.95,333.177,-21.58,284.51,278.503,278.467,275.287,272.873,272.17,270.93,0.094,0.4854,0.6113
2015-07-14,03:30,195.1458,100404.0,283.787,282.013,69.8267,59.44,278.88,280.953,282.39,283.857,0.891168,32.3805,2.91926,58.4974,0.0,32.3433,6.33667,295.523,334.733,-13.2133,284.04,278.253,278.327,275.28,272.877,272.17,270.93,0.0943,0.4857,0.6113
2015-07-14,04:00,195.1666,100397.0,283.99,282.743,65.3467,58.2367,282.11,282.483,282.973,284.057,1.34995,79.6227,3.56577,84.4059,0.0,47.7567,10.93,295.11,345.457,-13.52,283.763,278.107,278.193,275.267,272.87,272.17,270.93,0.0947,0.4859,0.611467
2015-07-14,04:30,195.1874,100396.0,284.05,283.307,65.6233,60.7567,283.147,283.287,283.55,284.233,1.43342,78.5898,3.46308,82.2905,0.0,68.13,15.98,293.88,352.723,-6.69333,283.64,278.047,278.07,275.26,272.88,272.17,270.93,0.0951333,0.486167,0.611467
2015-07-14,05:00,195.2083,100396.0,284.23,283.97,63.61,60.7633,283.827,283.88,284.103,284.473,1.34556,90.6575,2.97644,91.7604,0.0,96.8267,21.22,292.92,355.963,12.56,283.527,278.0,277.95,275.247,272.88,272.17,270.93,0.0955333,0.486367,0.611533
2015-07-14,05:30,195.2291,100396.0,284.937,284.793,62.5867,60.15,284.427,284.39,284.62,284.863,1.52831,104.675,2.96039,105.207,0.0,128.33,27.0567,292.767,360.567,33.4767,283.427,277.977,277.843,275.23,272.88,272.17,270.93,0.096,0.486567,0.6115
2015-07-14,06:00,195.2499,100400.0,285.41,285.48,62.58,61.1767,285.147,285.08,285.24,285.323,1.53586,95.7346,2.92708,94.1342,0.0,165.47,35.06,293.88,366.563,57.7267,283.41,278.013,277.75,275.213,272.88,272.17,270.93,0.0963,0.486733,0.611433
2015-07-14,06:30,195.2707,100401.0,286.337,286.37,62.3567,60.9833,286.1,286.043,286.143,286.12,1.4148,97.1116,2.28105,93.4006,0.0,207.753,45.5867,295.313,373.927,83.55,283.433,278.073,277.663,275.19,272.88,272.17,270.93,0.0964667,0.486867,0.611267
2015-07-14,07:00,195.2916,100396.0,287.28,287.493,60.5567,59.9833,287.073,286.887,286.927,286.843,1.40975,86.2627,2.29187,84.3644,0.0,270.163,59.9567,301.697,383.747,128.16,283.543,278.22,277.6,275.17,272.883,272.177,270.94,0.0966667,0.4869,0.611267
2015-07-14,07:30,195.3124,100387.0,288.217,288.35,58.72,58.2867,287.653,287.393,287.47,287.44,1.32087,90.6544,1.86124,88.1046,0.0,287.157,63.76,299.797,389.217,133.98,283.687,278.387,277.543,275.147,272.88,272.17,270.937,0.0967667,0.486933,0.6116
2015-07-14,08:00,195.3332,100370.0,289.113,289.38,57.1467,56.9467,288.527,288.203,288.257,288.123,1.42104,103.365,2.01318,61.8313,0.0,349.173,77.09,302.03,397.45,176.667,283.857,278.56,277.503,275.123,272.88,272.17,270.94,0.0967333,0.486733,0.611667
2015-07-14,08:30,195.3541,100350.0,290.033,290.443,55.8467,56.07,289.41,288.967,288.99,288.797,1.42838,306.092,2.05962,329.21,0.0,403.727,87.3433,307.333,405.967,217.753,284.107,278.793,277.483,275.1,272.88,272.173,270.94,0.0966,0.4866,0.611433
2015-07-14,09:00,195.3749,100348.0,290.51,290.933,54.0133,54.0533,290.377,289.783,289.707,289.473,1.60438,265.629,2.33683,287.886,0.0,459.96,97.91,308.64,413.89,256.797,284.5,279.117,277.48,275.073,272.883,272.173,270.94,0.0963667,0.4863,0.611533
2015-07-14,09:30,195.3957,100332.0,291.003,291.643,49.82,50.0633,291.287,290.653,290.597,290.267,1.82648,316.373,2.81931,321.792,0.0,518.003,108.18,309.473,421.42,297.873,285.01,279.473,277.497,275.053,272.89,272.18,270.94,0.0959,0.486,0.611633
2015-07-14,10:00,195.4165,100314.0,291.82,292.36,43.0333,42.5967,291.803,291.267,291.28,290.813,1.86593,11.362,3.05841,10.9226,0.0,539.363,109.79,309.877,425.99,313.463,285.697,279.793,277.52,275.03,272.89,272.18,270.94,0.0953333,0.485567,0.6114
2015-07-14,10:30,195.4374,100295.0,292.297,292.78,40.93,40.6733,292.393,291.837,291.867,291.58,1.71466,50.7307,2.59772,46.4329,0.0,577.357,115.323,312.457,432.597,341.893,286.353,280.15,277.57,275.01,272.89,272.18,270.94,0.0948,0.484967,0.611533
2015-07-14,11:00,195.4582,100294.0,292.467,293.113,41.46,41.1933,293.107,292.43,292.44,291.933,2.17083,344.399,3.48212,348.174,0.0,612.49,118.44,314.37,437.57,370.853,287.13,280.563,277.63,274.987,272.89,272.18,270.94,0.0941333,0.4843,0.6116
2015-07-14,11:30,195.479,100288.0,292.93,293.553,39.29,39.0333,293.487,292.807,292.843,292.41,1.9507,330.205,3.07259,334.149,0.0,644.097,122.873,316.543,443.133,394.637,287.79,280.977,277.713,274.97,272.89,272.18,270.94,0.0933,0.483533,0.611533
2015-07-14,12:00,195.4999,100279.0,293.467,294.05,38.0067,37.7667,294.023,293.373,293.423,292.953,1.91128,344.034,3.10678,345.919,0.0,652.707,123.23,320.45,447.467,402.457,288.393,281.437,277.803,274.957,272.89,272.18,270.94,0.0925333,0.482833,0.611433
2015-07-14,12:30,195.5207,100258.0,293.567,294.277,36.6967,36.5867,294.663,293.83,293.82,293.42,2.16155,294.607,3.50982,302.002,0.0,711.02,134.237,322.807,453.093,446.5,288.857,281.94,277.92,274.94,272.89,272.18,270.943,0.0918,0.4819,0.611433
2015-07-14,13:00,195.5415,100241.0,294.04,294.84,34.02,33.6,295.56,294.727,294.723,294.207,2.69857,315.107,4.61347,317.612,0.0,696.023,128.963,322.73,455.65,434.143,289.293,282.593,278.053,274.933,272.893,272.18,270.943,0.0911333,0.481033,0.6114
2015-07-14,13:30,195.5624,100222.0,294.34,295.243,32.1133,31.5267,295.783,295.047,295.007,294.363,2.66936,340.433,4.76507,340.4,0.0,689.787,125.937,323.377,456.547,430.677,289.84,283.357,278.2,274.927,272.89,272.18,270.95,0.0906667,0.48,0.611333
2015-07-14,14:00,195.5832,100200.0,294.487,295.393,31.2833,30.77,295.947,295.187,295.19,294.57,2.58181,330.641,4.66724,332.536,0.0,687.153,125.297,323.82,457.38,428.293,290.317,284.017,278.383,274.92,272.897,272.18,270.95,0.0902333,0.478967,0.611367
2015-07-14,14:30,195.604,100178.0,294.85,295.547,30.3433,29.8333,295.653,294.947,295.023,294.577,2.10632,334.901,3.83625,334.606,0.0,620.717,113.1,325.147,454.587,378.177,290.63,284.373,278.573,274.92,272.9,272.18,270.95,0.0897667,0.4779,0.610933
2015-07-14,15:00,195.6249,100160.0,295.243,295.937,29.99,29.67,295.99,295.237,295.313,294.953,2.08769,312.812,3.69202,310.593,0.0,671.333,124.453,327.0,459.267,414.607,291.023,284.717,278.767,274.92,272.897,272.18,270.947,0.0894,0.476833,0.611033
2015-07-14,15:30,195.6457,100130.0,295.24,295.933,29.5667,29.1333,296.18,295.38,295.413,295.12,2.55616,302.15,3.80576,303.229,0.0,639.523,119.673,326.96,458.217,388.587,291.367,284.913,278.967,274.927,272.893,272.18,270.947,0.0891,0.475733,0.610933
2015-07-14,16:00,195.6665,100118.0,295.753,296.473,28.74,28.1933,296.49,295.72,295.837,295.41,2.14376,324.691,3.69225,326.38,0.0,611.22,115.57,328.237,458.187,365.697,291.64,284.873,279.16,274.94,272.9,272.18,270.95,0.0888667,0.4747,0.610867
2015-07-14,16:30,195.6873,100117.0,296.173,296.883,28.6667,28.0133,296.63,295.997,296.187,295.647,2.31471,350.599,3.92764,349.965,0.0,570.32,109.18,329.5,456.033,334.607,291.81,284.59,279.32,274.953,272.9,272.187,270.95,0.0886333,0.4737,0.6108
2015-07-14,17:00,195.7082,100104.0,295.977,296.827,29.9667,29.43,296.62,295.99,296.263,295.737,2.35478,328.1,4.01978,330.267,0.0,534.24,104.463,330.017,453.41,306.383,291.907,284.447,279.457,274.97,272.9,272.187,270.95,0.0884333,0.472833,0.6108
2015-07-14,17:30,195.729,100085.0,296.033,296.8,34.3767,34.0933,296.503,295.957,296.213,295.697,2.54477,348.945,4.30553,351.911,0.0,496.22,98.8033,331.573,449.847,279.143,291.967,284.223,279.56,274.997,272.9,272.19,270.953,0.0883,0.472,0.610767
2015-07-14,18:00,195.7498,100057.0,296.02,296.623,36.4967,36.0067,296.207,295.737,296.023,295.597,2.63772,355.531,4.45081,356.922,0.0,450.633,91.9,332.55,445.78,245.503,292.04,283.95,279.633,275.02,272.9,272.19,270.953,0.0882,0.471233,0.610667
2015-07-14,18:30,195.7707,100049.0,295.447,295.953,41.6167,41.3333,295.45,295.14,295.43,295.19,3.20778,359.184,5.45142,357.047,0.0,403.427,84.7533,332.343,438.653,212.363,291.957,283.7,279.68,275.047,272.9,272.187,270.95,0.0882,0.4706,0.6107
2015-07-14,19:00,195.7915,100045.0,295.077,295.463,43.2033,42.6533,294.94,294.683,295.027,294.86,3.17931,357.836,5.40853,357.173,0.0,355.527,77.02,331.103,433.287,176.33,291.767,283.423,279.707,275.073,272.9,272.187,270.95,0.0882333,0.47,0.610533
2015-07-14,19:30,195.8123,100055.0,294.3,294.657,47.36,47.03,294.1,293.84,294.207,294.13,3.11046,347.099,5.53579,348.167,0.0,289.307,64.1433,329.24,425.777,128.627,291.497,283.14,279.717,275.11,272.9,272.19,270.95,0.0883333,0.4695,0.610533
2015-07-14,20:00,195.8332,100058.0,293.35,293.597,51.5867,51.1333,293.037,292.81,293.223,293.263,2.88816,343.633,5.3369,344.967,0.0,216.617,49.1933,326.49,417.187,76.7267,291.093,282.81,279.7,275.137,272.903,272.19,270.953,0.0884667,0.469033,0.610367
2015-07-14,20:30,195.854,100057.0,292.137,292.263,57.6433,56.9333,291.647,291.42,291.88,292.01,2.5062,339.7,4.37482,341.8,0.0,147.487,33.5467,323.327,407.163,30.1067,290.653,282.44,279.67,275.167,272.9,272.19,270.95,0.0887,0.4687,0.610233
2015-07-14,21:00,195.8748,100046.0,291.31,291.283,59.49,58.1667,290.393,290.26,290.737,291.04,2.28744,345.706,4.1977,346.603,0.0,101.027,22.0233,321.13,398.707,1.42667,290.267,282.11,279.623,275.19,272.9,272.19,270.96,0.089,0.4685,0.609733
2015-07-14,21:30,195.8956,100043.0,289.807,289.517,69.76,67.0333,288.86,288.753,289.187,289.66,1.86881,340.327,3.50609,345.968,0.0,87.3333,19.47,319.067,388.663,-1.73667,289.813,281.737,279.56,275.22,272.9,272.19,270.957,0.0893,0.468333,0.6095
2015-07-14,22:00,195.9165,100047.0,288.543,287.92,79.3033,76.24,287.3,287.267,287.713,288.383,1.99819,322.602,3.91787,330.254,0.0,56.3633,10.9433,317.507,381.24,-18.31,289.437,281.43,279.49,275.247,272.903,272.19,270.953,0.0897,0.468367,0.6095
2015-07-14,22:30,195.9373,100045.0,287.95,287.44,85.2667,82.5667,287.313,287.27,287.69,288.183,2.14231,334.4,4.07874,336.699,0.0,50.48,9.75667,318.663,381.417,-22.03,289.147,281.193,279.41,275.27,272.903,272.19,270.953,0.0900667,0.468433,0.6095
2015-07-14,23:00,195.9581,100039.0,286.94,286.153,90.7667,88.0,285.473,285.577,286.057,286.92,1.79707,335.481,3.94818,336.87,0.0,23.7467,2.74667,313.317,369.82,-35.4967,288.793,280.903,279.327,275.29,272.91,272.193,270.96,0.0905,0.468567,0.609567
2015-07-14,23:30,195.979,100022.0,285.82,284.813,95.0,91.8,284.417,284.557,285.04,285.993,1.83156,345.54,3.98856,345.138,0.0,19.8733,1.84667,313.723,364.047,-32.3,288.26,280.553,279.223,275.3,272.91,272.19,270.96,0.0908667,0.4687,0.6095
2015-07-15,00:00,196.0,100011.0,285.2,284.013,97.0667,93.6333,283.097,283.697,284.273,285.33,1.69191,351.319,3.80755,343.3,0.0,14.4167,0.816667,312.3,356.847,-30.95,287.76,280.253,279.123,275.313,272.91,272.19,270.96,0.0912,0.468833,0.609333
2015-07-15,00:30,196.0208,100011.0,284.4,283.26,98.1,95.6,282.817,283.013,283.523,284.543,1.765,337.363,4.15728,341.001,0.0,4.25333,0.0,304.953,354.253,-45.0533,287.27,279.94,279.017,275.323,272.91,272.19,270.96,0.0915333,0.469,0.609333
2015-07-15,01:00,196.0416,100011.0,283.707,282.223,99.8,98.9,281.61,281.943,282.48,283.793,1.44925,355.523,3.95483,351.933,0.0,0.8,0.0,304.023,345.677,-40.85,286.687,279.597,278.9,275.33,272.91,272.19,270.96,0.0919,0.469233,0.6093
2015-07-15,01:30,196.0624,100004.0,283.12,282.18,100.0,99.4,281.967,282.123,282.573,283.38,1.37431,18.6018,3.61335,23.0227,0.0,3.75,0.0,305.473,350.047,-40.8233,286.207,279.323,278.787,275.34,272.91,272.19,270.96,0.0922333,0.4694,0.6094
2015-07-15,02:00,196.0833,99990.3,282.59,281.323,100.0,99.9,281.017,281.233,281.673,282.783,1.3082,320.464,3.55983,328.87,0.0,6.18333,0.0,305.917,347.68,-35.5767,285.82,279.09,278.667,275.34,272.91,272.193,270.96,0.0926667,0.4696,0.609167
2015-07-15,02:30,196.1041,99969.0,283.257,281.79,100.0,100.0,281.197,281.6,282.18,283.583,1.12738,331.772,3.4175,344.388,0.0,8.04333,0.733333,301.227,343.737,-35.1967,285.397,278.85,278.54,275.34,272.91,272.19,270.96,0.0931,0.469867,0.609067
2015-07-15,03:00,196.1249,99963.0,282.387,280.903,100.0,99.8,279.24,280.22,281.163,282.367,0.837328,256.381,2.40052,338.467,0.0,12.9833,1.45,295.747,337.83,-30.5533,284.873,278.58,278.417,275.333,272.91,272.2,270.96,0.0934,0.470133,0.609167
2015-07-15,03:30,196.1458,99961.7,282.47,281.03,100.0,100.0,279.113,280.357,281.49,282.82,0.921373,276.678,2.69882,341.266,0.0,25.27,3.50333,300.78,337.947,-15.3967,284.363,278.337,278.29,275.323,272.91,272.19,270.96,0.0935667,0.4703,0.609333
2015-07-15,04:00,196.1666,99962.7,282.5,281.283,100.0,100.0,279.937,280.95,281.553,282.497,0.729014,259.627,2.34351,328.907,0.0,49.21,9.63667,306.647,344.08,2.14,284.077,278.227,278.173,275.32,272.91,272.2,270.963,0.0938,0.470533,0.609233
2015-07-15,04:30,196.1874,99954.3,283.113,282.357,100.0,100.0,282.383,282.34,282.623,283.167,0.906176,295.134,2.34082,314.135,0.0,77.84,17.3533,316.827,357.297,20.0167,283.983,278.25,278.063,275.303,272.91,272.2,270.96,0.0941333,0.470833,0.609267
2015-07-15,05:00,196.2083,99956.7,283.707,283.483,100.0,99.6,283.467,283.393,283.623,283.867,0.995396,4.77976,2.46461,359.589,0.0,59.2067,10.9367,319.77,363.383,4.65667,284.007,278.313,277.963,275.293,272.91,272.2,270.96,0.0945333,0.4706,0.6094
2015-07-15,05:30,196.2291,99966.0,283.867,283.797,100.0,99.2,283.63,283.517,283.687,283.89,0.830558,307.764,1.97597,328.897,0.0,86.3133,16.2467,315.25,364.313,21.0033,283.98,278.353,277.877,275.277,272.92,272.2,270.967,0.0949,0.470833,0.609333
2015-07-15,06:00,196.2499,99967.0,284.337,284.44,98.7667,98.2667,284.12,283.983,284.153,284.28,0.994244,317.966,1.96637,325.167,0.0,98.74,18.3433,313.407,368.337,25.47,283.983,278.4,277.803,275.26,272.92,272.2,270.967,0.0951667,0.470933,0.6094
2015-07-15,06:30,196.2707,99966.7,284.65,284.827,97.6667,97.6,284.653,284.363,284.473,284.46,1.13076,306.922,1.9363,313.491,0.0,207.607,42.45,325.383,377.613,112.93,284.113,278.617,277.743,275.24,272.92,272.2,270.967,0.0954667,0.470867,0.609367
2015-07-15,07:00,196.2916,99967.3,285.383,285.643,94.3333,94.7667,285.363,284.917,285.02,284.997,1.323,286.001,2.1106,287.566,0.0,207.08,42.82,338.087,383.397,118.953,284.393,279.007,277.71,275.217,272.92,272.2,270.97,0.0958,0.4709,0.609333
2015-07-15,07:30,196.3124,99956.7,285.053,285.307,96.3667,97.0,285.637,285.04,285.21,285.117,1.58238,282.266,2.56316,283.1,0.0,164.947,30.9067,349.493,383.23,100.3,284.52,279.227,277.693,275.197,272.92,272.2,270.97,0.096,0.4709,0.6094
2015-07-15,08:00,196.3332,99918.7,285.633,285.973,93.1333,94.1,286.453,285.62,285.883,285.733,1.5748,288.066,2.47538,293.752,0.0,240.277,47.1033,342.477,390.157,145.483,284.733,279.587,277.693,275.173,272.92,272.2,270.97,0.0961,0.470967,0.609333
2015-07-15,08:30,196.3541,99900.0,285.967,286.18,90.2,90.6667,286.18,285.873,285.953,285.923,1.27384,327.939,1.93965,330.239,0.0,109.82,19.3533,348.23,385.29,53.41,284.853,279.693,277.707,275.153,272.92,272.2,270.97,0.0961,0.4709,0.6094
2015-07-15,09:00,196.3749,99889.3,286.063,286.287,88.3667,88.7333,286.63,286.27,286.333,286.227,1.44389,322.115,2.22175,328.228,0.0,183.143,32.46,347.32,389.763,108.24,284.96,279.887,277.737,275.13,272.92,272.2,270.97,0.0960667,0.470867,0.609267
2015-07-15,09:30,196.3957,99856.7,287.057,287.207,81.0667,80.95,287.147,286.823,286.86,286.763,1.08043,352.083,1.53249,0.0346788,0.0,223.71,41.6933,350.023,395.443,136.6,285.177,280.153,277.783,275.117,272.92,272.2,270.97,0.0959667,0.470767,0.609367
2015-07-15,10:00,196.4165,99857.0,287.06,287.307,82.8,83.0333,287.377,287.007,287.083,286.957,1.48591,318.733,2.44683,321.168,0.0,182.593,33.6133,351.03,393.87,106.14,285.34,280.337,277.827,275.093,272.92,272.2,270.97,0.0958333,0.470533,0.6092
2015-07-15,10:30,196.4374,99857.0,287.25,287.613,80.6633,81.19,288.023,287.507,287.54,287.317,1.47122,305.823,2.34677,308.634,0.0,308.85,57.6933,352.017,402.047,201.133,285.62,280.633,277.887,275.08,272.927,272.207,270.973,0.0957333,0.470333,0.609267
2015-07-15,11:00,196.4582,99848.7,287.767,288.097,76.5533,77.0767,288.293,287.85,287.847,287.74,1.36446,287.11,2.21854,287.394,0.0,229.063,42.2633,358.007,401.34,143.467,285.863,280.877,277.95,275.067,272.93,272.21,270.973,0.0955,0.4701,0.6093
2015-07-15,11:30,196.479,99839.7,287.857,288.117,76.8033,76.88,288.373,287.97,288.05,287.947,1.66893,289.376,3.00399,292.107,0.0,204.29,37.1433,359.35,399.837,126.657,285.987,281.01,278.02,275.053,272.93,272.21,270.973,0.0953,0.469833,0.609367
2015-07-15,12:00,196.4999,99816.0,288.153,288.507,74.81,75.1933,289.017,288.45,288.443,288.26,1.58304,291.77,2.57575,293.9,0.0,348.177,63.8067,359.313,409.457,234.23,286.253,281.32,278.1,275.043,272.93,272.207,270.977,0.0951,0.4695,0.609233
2015-07-15,12:30,196.5207,99797.7,289.077,289.573,70.1,70.6933,289.927,289.323,289.297,288.997,1.63428,298.21,2.72744,300.56,0.0,405.003,73.9633,354.863,416.487,269.417,286.643,281.72,278.183,275.037,272.93,272.207,270.98,0.0947333,0.4692,0.609333
2015-07-15,13:00,196.5415,99795.3,289.52,290.17,68.93,70.14,290.507,289.867,289.87,289.497,2.20599,309.463,3.85745,308.933,0.0,480.56,87.75,346.907,422.127,317.59,287.23,282.193,278.287,275.03,272.93,272.21,270.977,0.0943333,0.468733,0.609133
2015-07-15,13:30,196.5624,99756.3,289.743,290.21,68.46,69.0133,290.41,289.867,289.933,289.643,1.90974,312.382,3.21897,319.042,0.0,346.05,62.6633,363.103,418.26,228.23,287.51,282.413,278.387,275.027,272.93,272.21,270.98,0.0939667,0.4683,0.608767
2015-07-15,14:00,196.5832,99750.3,290.167,290.543,66.2133,66.46,290.573,290.087,290.167,289.937,1.79196,311.08,3.06714,324.197,0.0,339.663,61.4767,366.56,419.37,225.377,287.693,282.597,278.5,275.027,272.93,272.21,270.98,0.0935,0.467733,0.609
2015-07-15,14:30,196.604,99745.3,290.837,291.193,63.1433,63.2567,291.227,290.69,290.747,290.603,1.84476,287.376,3.08188,298.615,0.0,377.003,68.6433,369.277,424.703,252.937,287.923,282.83,278.62,275.03,272.93,272.21,270.98,0.0930667,0.467233,0.608667
2015-07-15,15:00,196.6249,99701.7,291.227,291.56,60.02,60.0567,291.607,291.017,291.057,290.917,1.92479,251.555,3.10821,266.241,0.0,377.58,69.41,368.763,426.56,250.373,288.173,283.037,278.733,275.03,272.93,272.21,270.98,0.0927,0.4667,0.6089
2015-07-15,15:30,196.6457,99685.0,291.63,291.88,58.7767,58.5233,291.813,291.317,291.407,291.313,1.77514,232.756,2.9122,248.297,0.0,377.947,70.3067,370.773,427.853,250.567,288.363,283.197,278.85,275.04,272.93,272.21,270.98,0.0924,0.466167,0.6088
2015-07-15,16:00,196.6665,99655.3,292.693,293.057,55.38,55.3567,292.647,292.057,292.19,291.88,1.94889,346.655,3.36962,354.414,0.0,521.523,98.3433,361.247,437.327,347.1,288.733,283.48,278.963,275.053,272.933,272.21,270.98,0.0921,0.4655,0.608667
2015-07-15,16:30,196.6873,99621.7,292.957,293.47,53.4433,53.7133,292.98,292.35,292.497,292.183,2.11336,318.778,3.66588,327.182,0.0,511.117,97.02,364.003,439.44,338.663,289.183,283.687,279.083,275.06,272.94,272.21,270.98,0.0918,0.4648,0.6086
2015-07-15,17:00,196.7082,99611.0,293.043,293.577,55.16,55.1933,293.253,292.717,292.83,292.377,2.83497,357.973,5.09989,357.499,0.0,445.37,85.2833,356.173,435.29,280.97,289.683,283.833,279.197,275.077,272.94,272.21,270.98,0.0915,0.464033,0.608433
2015-07-15,17:30,196.729,99616.7,292.21,292.607,55.6867,55.0267,292.493,292.01,292.193,291.92,2.40478,0.167374,4.61041,358.21,0.0,277.57,51.3667,369.59,425.0,170.793,289.637,283.763,279.303,275.093,272.94,272.21,270.98,0.0913,0.4633,0.6083
2015-07-15,18:00,196.7498,99593.3,292.267,292.377,57.11,55.7533,292.197,291.767,291.98,291.833,2.0106,25.274,3.85066,24.8465,0.0,212.61,39.7567,362.55,419.447,115.96,289.567,283.59,279.39,275.11,272.937,272.21,270.98,0.0911333,0.462833,0.6083
2015-07-15,18:30,196.7707,99580.0,292.737,292.94,57.9567,57.1933,292.603,292.203,292.467,292.197,2.49592,16.6122,4.75506,18.2659,0.0,308.38,62.8933,343.85,422.797,166.54,289.653,283.42,279.467,275.127,272.93,272.21,270.98,0.0911,0.462367,0.608467
2015-07-15,19:00,196.7915,99569.3,292.35,292.713,60.93,60.8033,292.257,292.02,292.263,292.103,3.52063,2.85633,6.62755,2.63581,0.0,319.097,67.9767,335.333,419.257,167.2,289.8,283.18,279.517,275.15,272.94,272.21,270.983,0.0911,0.461867,0.608333
2015-07-15,19:30,196.8123,99560.7,291.443,291.55,63.24,62.4833,291.127,290.917,291.21,291.21,3.43593,9.2533,6.42153,9.79992,0.0,197.003,41.2267,336.357,409.413,82.7233,289.7,282.92,279.547,275.173,272.94,272.21,270.983,0.0911,0.4615,0.6082
2015-07-15,20:00,196.8332,99569.7,290.333,290.313,66.0967,65.0267,289.837,289.657,289.977,290.127,3.35044,5.72323,6.44483,3.78703,0.0,129.87,26.48,328.247,399.97,31.6633,289.403,282.593,279.553,275.2,272.94,272.217,270.99,0.0911,0.461133,0.608067
2015-07-15,20:30,196.854,99564.0,288.787,288.613,71.4833,69.9033,288.547,288.37,288.68,288.913,2.73789,1.31635,5.59695,0.574831,0.0,87.27,15.95,331.95,391.88,11.4,289.027,282.27,279.54,275.22,272.94,272.217,270.99,0.0911667,0.4609,0.6081
2015-07-15,21:00,196.8748,99563.3,288.403,288.33,75.14,74.17,288.377,288.163,288.407,288.543,3.38606,0.16664,6.59306,358.18,0.0,91.0833,17.1667,343.433,392.133,25.2133,288.84,282.137,279.517,275.247,272.94,272.22,270.99,0.0913667,0.460767,0.6081
2015-07-15,21:30,196.8956,99563.3,287.44,287.403,79.1733,78.4867,287.477,287.27,287.48,287.607,3.65445,2.1504,7.08075,359.523,0.0,77.86,14.9367,341.263,387.337,16.8467,288.653,281.99,279.477,275.267,272.94,272.22,270.99,0.0915667,0.460633,0.6081
2015-07-15,22:00,196.9165,99571.7,286.317,286.25,82.4,81.7233,286.263,286.083,286.287,286.437,3.39797,2.12333,6.58911,0.809913,0.0,53.2733,10.1767,333.997,380.303,-3.20667,288.39,281.767,279.437,275.29,272.947,272.22,270.99,0.0917667,0.4606,0.608033
2015-07-15,22:30,196.9373,99578.7,285.19,285.11,88.2,87.6,285.207,285.033,285.21,285.367,3.28317,4.88025,6.22713,5.89141,0.0,30.6667,4.29333,334.613,375.03,-14.04,288.107,281.507,279.38,275.307,272.943,272.22,270.99,0.0919333,0.460533,0.607933
2015-07-15,23:00,196.9581,99565.7,284.38,284.287,90.7,90.0667,284.453,284.293,284.463,284.627,3.40904,5.83671,6.28743,4.34328,0.0,16.52,1.16,336.867,371.09,-18.8633,287.807,281.253,279.32,275.323,272.94,272.217,270.99,0.0921667,0.4606,0.607933
2015-07-15,23:30,196.979,99577.7,283.723,283.62,92.5667,91.9667,283.79,283.643,283.81,283.98,3.40663,6.7933,6.25065,5.29693,0.0,10.0667,0.0,333.117,367.323,-24.1367,287.51,281.007,279.257,275.337,272.943,272.22,270.99,0.0924,0.460633,0.607933
2015-07-16,00:00,197.0,99579.0,283.03,282.947,95.5333,95.0667,283.147,283.007,283.147,283.293,3.06449,349.767,6.0285,349.033,0.0,4.45,0.0,337.627,364.367,-22.29,287.22,280.77,279.187,275.353,272.95,272.22,270.99,0.0927,0.460667,0.607833
2015-07-16,00:30,197.0208,99592.7,282.623,282.563,95.4667,95.0,282.85,282.7,282.82,282.947,3.40509,354.6,6.6016,351.3,0.0,0.0,0.0,347.093,363.143,-16.0467,286.92,280.583,279.107,275.363,272.947,272.22,270.99,0.093,0.4607,0.6076
2015-07-16,01:00,197.0416,99596.3,282.253,282.213,95.7333,95.4667,282.493,282.333,282.44,282.553,3.48388,357.533,6.54533,355.799,0.0,0.0,0.0,351.22,361.647,-10.4267,286.64,280.427,279.03,275.373,272.943,272.22,270.99,0.0932667,0.460833,0.607667
2015-07-16,01:30,197.0624,99584.0,281.88,281.86,97.1667,96.9667,282.197,282.037,282.13,282.23,3.47689,347.935,6.70793,346.531,0.0,0.0,0.0,354.91,360.357,-5.45333,286.37,280.28,278.953,275.38,272.95,272.22,270.99,0.0935,0.4609,0.607733
2015-07-16,02:00,197.0833,99608.7,281.587,281.583,97.2667,97.1667,281.887,281.727,281.813,281.9,3.49488,336.667,6.58688,337.533,0.0,0.0,0.0,355.063,358.933,-3.87,286.113,280.147,278.873,275.38,272.95,272.22,270.99,0.0938,0.461033,0.607867
2015-07-16,02:30,197.1041,99635.0,281.11,281.103,96.0,95.8667,281.397,281.243,281.327,281.417,3.88876,334.136,7.14396,334.571,0.0,0.0,0.0,351.39,356.32,-4.93,285.807,280.0,278.793,275.38,272.95,272.22,270.99,0.0940667,0.4612,0.607567
2015-07-16,03:00,197.1249,99618.7,280.583,280.573,97.0,96.8333,280.867,280.713,280.787,280.867,4.00224,356.258,7.37791,354.086,0.0,0.0,0.0,349.453,353.92,-4.46,285.473,279.86,278.717,275.38,272.95,272.22,270.99,0.0942667,0.4613,0.607633
2015-07-16,03:30,197.1458,99622.7,280.047,280.033,97.6667,97.4667,280.337,280.173,280.25,280.34,4.08244,355.77,7.48608,354.676,0.0,0.0,0.0,347.313,351.2,-3.89,285.14,279.703,278.64,275.38,272.95,272.22,270.993,0.0944333,0.461467,0.6078
2015-07-16,04:00,197.1666,99626.0,279.413,279.407,99.8,99.7667,279.72,279.56,279.623,279.73,3.95335,354.267,7.44402,352.933,0.0002,0.0,0.0,346.633,348.203,-1.57,284.8,279.55,278.57,275.38,272.95,272.223,270.997,0.0945667,0.461533,0.607933
2015-07-16,04:30,197.1874,99661.0,278.94,278.93,100.0,100.0,279.277,279.137,279.19,279.29,4.00464,359.467,7.2375,355.766,0.0006,0.0,0.0,343.993,346.027,-2.03333,284.47,279.39,278.493,275.373,272.953,272.22,271.0,0.0947667,0.4617,0.607967
2015-07-16,05:00,197.2083,99649.0,278.72,278.707,100.0,100.0,279.083,278.957,279.01,279.107,4.43774,11.4513,7.54106,11.7752,0.0008,2.18333,0.0,343.003,345.083,0.106667,284.163,279.26,278.423,275.37,272.953,272.223,271.0,0.0949333,0.462367,0.6081
2015-07-16,05:30,197.2291,99651.3,278.63,278.617,100.0,100.0,279.027,278.9,278.953,279.053,4.53384,12.31,7.6583,11.0068,0.0009,8.91,0.403333,342.307,344.733,6.08,283.86,279.147,278.36,275.367,272.953,272.223,271.0,0.0950667,0.464867,0.6084
2015-07-16,06:00,197.2499,99656.0,278.633,278.637,100.0,100.0,279.023,278.9,278.953,279.053,4.40962,12.4664,7.53484,12.27,0.0005,14.21,0.573333,341.88,344.81,10.71,283.607,279.067,278.3,275.36,272.95,272.22,270.997,0.0952333,0.468533,0.6088
2015-07-16,06:30,197.2707,99649.3,278.713,278.7,100.0,100.0,279.093,278.96,279.017,279.137,4.44337,17.4306,7.84765,17.2874,0.0009,9.22,0.0,342.637,344.92,6.93333,283.36,278.987,278.24,275.36,272.96,272.227,271.0,0.0953667,0.471233,0.609167
2015-07-16,07:00,197.2916,99645.7,278.737,278.73,100.0,99.9,279.107,278.977,279.033,279.147,4.47647,18.48,7.86406,19.35,0.0005,18.6733,0.506667,343.057,345.15,16.0733,283.14,278.923,278.18,275.357,272.96,272.22,271.0,0.0955333,0.4748,0.6096
2015-07-16,07:30,197.3124,99661.7,278.723,278.72,99.9333,99.7667,279.107,278.957,279.017,279.133,4.20898,16.9632,7.45705,15.2686,0.0005,19.5267,0.733333,342.587,345.097,16.2833,282.957,278.87,278.123,275.35,272.96,272.227,271.0,0.0956667,0.477667,0.610133
2015-07-16,08:00,197.3332,99667.0,278.733,278.747,100.0,100.0,279.137,278.987,279.04,279.15,4.07196,11.6833,7.20728,11.716,0.0013,22.6067,1.63333,343.057,345.317,18.71,282.783,278.827,278.073,275.347,272.957,272.23,271.0,0.0957667,0.480933,0.610667
2015-07-16,08:30,197.3541,99676.0,278.78,278.8,100.0,100.0,279.213,279.07,279.12,279.227,4.11487,8.70008,7.42618,8.44001,0.0005,31.9167,3.08667,343.477,345.873,26.4367,282.623,278.82,278.03,275.34,272.96,272.23,271.0,0.0959333,0.4856,0.6118
2015-07-16,09:00,197.3749,99686.3,278.663,278.687,100.0,99.9,279.053,278.9,278.94,279.043,3.69713,355.467,7.49024,352.5,0.0005,33.6767,3.29,342.493,345.347,27.5333,282.453,278.8,277.987,275.34,272.96,272.23,271.0,0.0960333,0.488833,0.612467
2015-07-16,09:30,197.3957,99701.0,278.517,278.523,100.0,100.0,278.937,278.787,278.837,278.937,3.79145,356.933,7.53653,353.133,0.0012,34.1633,3.30333,341.79,344.68,27.9633,282.253,278.753,277.947,275.33,272.96,272.223,271.0,0.0961333,0.4916,0.613367
2015-07-16,10:00,197.4165,99727.3,278.507,278.52,100.0,100.0,279.0,278.847,278.89,278.97,3.65417,359.933,7.15081,352.766,0.0014,44.7733,4.89333,342.133,345.123,36.8833,282.093,278.767,277.923,275.337,272.96,272.22,271.0,0.0962333,0.4971,0.616833
2015-07-16,10:30,197.4374,99742.0,278.56,278.553,100.0,99.7,279.017,278.86,278.913,278.987,3.99978,359.033,8.05829,353.7,0.0008,43.2467,4.63333,342.197,345.057,35.7567,281.94,278.787,277.907,275.34,272.96,272.22,271.0,0.0963,0.502167,0.620233
2015-07-16,11:00,197.4582,99748.7,278.653,278.653,99.9333,99.3667,279.137,278.963,279.01,279.073,3.86826,356.233,7.66797,351.165,0.0003,64.06,7.75333,342.69,345.877,53.1267,281.793,278.803,277.88,275.333,272.967,272.23,271.0,0.0964,0.5057,0.6225
2015-07-16,11:30,197.479,99773.7,278.63,278.647,99.4667,98.7667,279.067,278.887,278.92,278.98,3.81541,351.567,7.87334,350.633,0.0002,63.3367,7.32667,341.7,345.723,51.9833,281.68,278.807,277.847,275.313,272.967,272.23,271.0,0.0965,0.508267,0.6233
2015-07-16,12:00,197.4999,99797.7,278.507,278.54,99.3333,98.7667,278.963,278.79,278.82,278.893,3.83244,353.7,7.69626,351.666,0.0001,63.2533,7.27,341.163,345.057,52.0867,281.53,278.77,277.81,275.303,272.97,272.23,271.01,0.0966,0.510667,0.623667
2015-07-16,12:30,197.5207,99797.7,278.657,278.68,99.4333,98.7,279.12,278.937,278.973,279.033,3.95298,353.467,8.2618,349.6,0.0001,85.05,10.41,341.587,346.147,70.08,281.427,278.76,277.78,275.283,272.97,272.23,271.01,0.0966333,0.5122,0.6238
2015-07-16,13:00,197.5415,99802.7,278.863,278.917,99.1667,98.2333,279.4,279.18,279.21,279.227,4.12466,353.867,8.42965,352.366,0.0001,142.81,19.1833,341.863,348.44,117.05,281.383,278.827,277.747,275.263,272.97,272.233,271.01,0.0967333,0.5133,0.6239
2015-07-16,13:30,197.5624,99838.7,278.927,278.953,98.6333,97.5333,279.35,279.137,279.177,279.2,3.92434,354.0,7.86297,350.867,0.0001,102.987,13.62,341.43,347.857,82.94,281.367,278.873,277.72,275.25,272.97,272.233,271.01,0.0968,0.5143,0.623967
2015-07-16,14:00,197.5832,99860.3,278.99,278.953,97.8333,96.2667,279.353,279.157,279.2,279.253,4.10608,357.353,7.75034,355.033,0.0,93.23,12.1433,339.38,347.47,72.9967,281.28,278.86,277.697,275.23,272.97,272.237,271.01,0.0969,0.515167,0.6241
2015-07-16,14:30,197.604,99861.7,279.12,279.067,97.1333,95.4667,279.443,279.253,279.3,279.387,4.32228,357.0,8.30274,352.1,0.0,88.2,11.21,340.1,347.623,69.4667,281.203,278.837,277.67,275.21,272.97,272.23,271.01,0.0969,0.5158,0.624133
2015-07-16,15:00,197.6249,99897.3,279.053,278.993,97.6667,96.1333,279.35,279.16,279.21,279.3,4.02773,357.334,7.84813,354.833,0.0,57.04,6.06667,339.83,346.75,44.0567,281.117,278.78,277.65,275.197,272.97,272.237,271.01,0.0969,0.5162,0.624167
2015-07-16,15:30,197.6457,99910.7,278.977,278.913,97.8333,96.3667,279.28,279.09,279.137,279.233,4.20614,356.467,8.29685,355.566,0.0002,55.0233,5.68,340.947,346.367,43.9233,281.027,278.707,277.62,275.177,272.97,272.233,271.01,0.0969,0.5165,0.624267
2015-07-16,16:00,197.6665,99925.7,278.743,278.687,99.2,98.0667,279.137,278.967,279.013,279.12,4.22702,356.967,8.34987,356.933,0.0005,49.07,5.11333,341.72,345.497,40.18,280.923,278.633,277.6,275.163,272.977,272.24,271.01,0.097,0.517,0.624233
2015-07-16,16:30,197.6873,99927.7,278.95,278.953,100.0,99.1667,279.447,279.263,279.293,279.363,4.13133,356.133,8.08606,352.233,0.0005,98.0367,12.3733,343.313,348.0,80.9733,280.903,278.663,277.583,275.153,272.98,272.24,271.01,0.097,0.5186,0.6244
2015-07-16,17:00,197.7082,99947.0,279.047,279.033,99.4667,98.2,279.437,279.273,279.313,279.4,4.2458,354.667,8.45935,352.267,0.0001,77.0733,9.02667,343.127,347.813,63.36,280.9,278.703,277.567,275.14,272.977,272.24,271.01,0.0971,0.520633,0.6246
2015-07-16,17:30,197.729,99966.0,279.087,279.037,98.8667,97.5,279.46,279.29,279.347,279.443,4.19553,356.567,8.03734,351.234,0.0004,61.5967,7.36,342.017,347.39,48.8567,280.847,278.68,277.55,275.127,272.98,272.24,271.01,0.0971,0.521867,0.624667
2015-07-16,18:00,197.7498,99978.7,279.187,279.113,98.6333,97.1,279.513,279.35,279.4,279.5,4.15196,356.1,8.14516,354.433,0.0003,52.0867,6.0,342.363,347.433,41.0233,280.797,278.653,277.527,275.117,272.98,272.24,271.01,0.0971,0.523367,0.6248
2015-07-16,18:30,197.7707,99985.7,279.237,279.163,99.2667,97.7667,279.61,279.447,279.497,279.593,3.94752,357.333,7.46301,355.0,0.0005,56.95,6.90333,342.847,348.017,44.8767,280.767,278.637,277.513,275.107,272.98,272.24,271.01,0.0971667,0.525,0.6248
2015-07-16,19:00,197.7915,100009.0,279.333,279.257,99.0333,97.4667,279.693,279.527,279.577,279.67,3.76524,359.033,7.09971,355.833,0.0004,65.16,8.41333,342.633,348.65,50.7333,280.76,278.637,277.497,275.097,272.98,272.24,271.01,0.0972,0.526833,0.6249
2015-07-16,19:30,197.8123,100017.0,279.433,279.34,98.8333,97.1333,279.777,279.61,279.66,279.767,3.79597,353.433,7.30099,352.933,0.0004,54.62,6.88,344.11,348.803,43.0467,280.75,278.647,277.483,275.087,272.98,272.24,271.013,0.0972,0.5289,0.624967
2015-07-16,20:00,197.8332,100044.0,279.537,279.43,98.9,97.2333,279.867,279.713,279.77,279.893,3.4419,351.967,6.87363,349.833,0.0004,44.5133,5.6,343.137,348.967,33.0833,280.727,278.63,277.467,275.08,272.98,272.24,271.017,0.0973,0.530933,0.625033
2015-07-16,20:30,197.854,100044.0,279.527,279.41,98.3333,96.5333,279.78,279.64,279.69,279.83,3.61426,349.833,7.26641,347.867,0.0002,30.8733,3.62667,342.637,348.24,21.64,280.687,278.597,277.45,275.067,272.98,272.24,271.01,0.0973,0.533067,0.6251
2015-07-16,21:00,197.8748,100058.0,279.447,279.333,98.5333,96.9333,279.71,279.567,279.62,279.763,3.57701,354.633,7.01068,351.732,0.0003,26.8767,3.08667,342.19,347.727,18.2533,280.633,278.523,277.427,275.06,272.98,272.24,271.013,0.0973,0.534733,0.625167
2015-07-16,21:30,197.8956,100059.0,279.44,279.33,99.0,97.5,279.697,279.56,279.613,279.763,3.40339,358.977,6.48891,355.467,0.0001,20.1933,1.98,342.723,347.583,13.3567,280.593,278.457,277.407,275.05,272.983,272.24,271.017,0.0973,0.5362,0.625267
2015-07-16,22:00,197.9165,100074.0,279.473,279.36,98.7333,97.0667,279.723,279.6,279.653,279.807,3.19561,353.166,6.52758,351.2,0.0003,20.4867,2.04,342.957,347.667,13.74,280.56,278.39,277.38,275.047,272.987,272.24,271.02,0.0973,0.5375,0.625367
2015-07-16,22:30,197.9373,100087.0,279.54,279.407,98.1,96.3667,279.757,279.62,279.69,279.857,3.30753,351.967,6.61463,348.767,0.0001,14.36,1.26333,342.857,347.457,8.5,280.513,278.327,277.35,275.04,272.99,272.24,271.02,0.0973,0.538867,0.6254
2015-07-16,23:00,197.9581,100103.0,279.493,279.343,97.6333,95.7333,279.663,279.543,279.623,279.797,3.39718,352.833,6.87955,349.567,0.0002,2.04,0.0,341.78,346.703,-2.88,280.46,278.233,277.32,275.03,272.99,272.24,271.02,0.0973,0.5401,0.6254
2015-07-16,23:30,197.979,100117.0,279.457,279.283,97.6,95.6333,279.627,279.507,279.587,279.78,3.19638,349.967,6.56864,349.633,0.0002,0.0,0.0,342.713,346.33,-3.61333,280.4,278.143,277.283,275.02,272.99,272.243,271.02,0.0973,0.5412,0.6255
2015-07-17,00:00,198.0,100119.0,279.37,279.207,97.9,95.9667,279.547,279.427,279.503,279.697,3.13982,351.668,6.58573,351.333,0.0003,0.0,0.0,342.4,345.987,-3.58667,280.343,278.063,277.253,275.017,272.99,272.25,271.02,0.0973,0.542333,0.6255
2015-07-17,00:30,198.0208,100123.0,279.267,279.123,98.2333,96.4667,279.457,279.337,279.407,279.587,3.20381,348.633,6.82337,346.867,0.0002,0.0,0.0,342.667,345.61,-2.94667,280.29,277.99,277.22,275.003,272.99,272.25,271.02,0.0973,0.543767,0.6256
2015-07-17,01:00,198.0416,100120.0,279.077,278.96,99.0333,97.5,279.3,279.193,279.267,279.43,3.21668,341.2,6.74836,339.967,0.0003,0.0,0.0,342.44,345.033,-2.59333,280.23,277.92,277.183,274.997,272.99,272.247,271.02,0.0973,0.5451,0.6256
2015-07-17,01:30,198.0624,100128.0,279.007,278.873,99.2,97.5667,279.22,279.12,279.187,279.36,3.0497,339.9,6.4044,338.333,0.0,0.0,0.0,340.947,344.517,-3.56667,280.177,277.85,277.143,274.99,272.99,272.247,271.02,0.0973,0.546467,0.6257
2015-07-17,02:00,198.0833,100132.0,278.953,278.81,98.7,96.9333,279.14,279.04,279.103,279.277,3.16244,339.8,6.41671,339.533,0.0,0.0,0.0,339.903,344.047,-4.14667,280.117,277.773,277.103,274.98,272.99,272.25,271.02,0.0973,0.5476,0.625667
2015-07-17,02:30,198.1041,100147.0,278.763,278.637,99.2333,97.7667,278.977,278.87,278.93,279.093,2.95181,348.868,6.13279,346.333,0.0001,0.0,0.0,339.843,343.403,-3.56,280.053,277.703,277.063,274.977,272.993,272.25,271.027,0.0973,0.548233,0.6257
2015-07-17,03:00,198.1249,100149.0,278.713,278.593,99.2333,97.6667,278.94,278.853,278.913,279.09,2.8953,338.337,6.01258,339.734,0.0001,0.0,0.0,339.433,343.197,-3.76333,279.99,277.633,277.02,274.963,272.99,272.25,271.02,0.0973,0.5489,0.625733
2015-07-17,03:30,198.1458,100166.0,278.68,278.52,97.8667,95.7667,278.843,278.75,278.813,279.02,2.96541,336.3,6.32275,337.833,0.0,1.05667,0.0,337.167,342.55,-4.32667,279.927,277.57,276.98,274.957,273.0,272.25,271.03,0.0973,0.5495,0.625833
2015-07-17,04:00,198.1666,100179.0,278.587,278.417,97.3333,95.1667,278.747,278.657,278.72,278.927,2.93028,337.9,6.42093,336.2,0.0,5.07667,0.0,335.203,342.04,-1.76,279.853,277.51,276.943,274.943,273.0,272.25,271.03,0.0973333,0.550033,0.6259
2015-07-17,04:30,198.1874,100179.0,278.573,278.417,97.4333,95.4,278.743,278.65,278.717,278.91,2.76461,336.567,6.08953,335.067,0.0,9.38333,0.0,334.457,342.133,1.7,279.793,277.46,276.9,274.933,273.0,272.25,271.027,0.0973333,0.550533,0.625833
2015-07-17,05:00,198.2083,100180.0,278.54,278.403,97.6,95.7,278.733,278.647,278.71,278.893,2.85287,334.333,6.12744,334.6,0.0001,14.0,0.0,334.22,342.263,5.95667,279.743,277.42,276.863,274.927,273.0,272.25,271.03,0.0974,0.550767,0.625867
2015-07-17,05:30,198.2291,100180.0,278.55,278.44,98.0667,96.2667,278.787,278.69,278.743,278.907,2.65407,334.334,5.68068,334.067,0.0,22.8067,1.81667,334.7,342.88,12.81,279.713,277.393,276.827,274.913,273.0,272.25,271.03,0.0974,0.551067,0.6259
2015-07-17,06:00,198.2499,100180.0,278.567,278.503,98.4333,96.9,278.87,278.76,278.803,278.933,2.58391,330.533,5.40036,331.167,0.0,30.8533,3.12667,335.957,343.73,19.9533,279.7,277.397,276.79,274.903,273.0,272.25,271.03,0.0974,0.551267,0.625967
2015-07-17,06:30,198.2707,100180.0,278.557,278.497,97.6333,95.8333,278.867,278.75,278.787,278.913,2.48836,335.3,5.30412,335.099,0.0,39.54,4.48667,334.697,343.913,25.84,279.693,277.403,276.76,274.893,273.0,272.25,271.03,0.0974,0.551233,0.626
2015-07-17,07:00,198.2916,100180.0,278.717,278.7,97.9667,96.2333,279.097,278.967,278.983,279.083,2.18881,333.767,4.57217,333.0,0.0,55.6133,6.78667,334.723,345.64,37.9133,279.697,277.433,276.73,274.88,273.0,272.253,271.03,0.0974667,0.5514,0.626
2015-07-17,07:30,198.3124,100180.0,278.857,278.87,96.6333,94.9,279.267,279.113,279.12,279.197,2.29613,334.397,4.70166,333.232,0.0,78.69,10.2333,334.817,347.03,56.2467,279.73,277.493,276.703,274.867,273.0,272.26,271.03,0.0975,0.5515,0.626
2015-07-17,08:00,198.3332,100199.0,279.1,279.167,95.1667,93.2667,279.58,279.4,279.373,279.42,2.20742,335.733,4.54256,335.9,0.0,110.467,15.0033,334.683,349.497,80.6567,279.79,277.59,276.693,274.853,273.0,272.25,271.03,0.0975333,0.551533,0.626
2015-07-17,08:30,198.3541,100216.0,279.443,279.563,93.3333,91.4333,280.0,279.787,279.763,279.773,2.30394,328.967,4.45889,329.867,0.0,145.407,21.1133,337.113,352.52,108.883,279.883,277.737,276.68,274.837,273.0,272.257,271.03,0.0976,0.5516,0.626067
2015-07-17,09:00,198.3749,100223.0,279.667,279.837,92.0667,90.6667,280.19,279.963,279.94,279.943,2.32138,316.838,4.5572,315.536,0.0,153.447,22.1767,338.14,354.047,115.367,280.0,277.893,276.68,274.83,273.007,272.257,271.03,0.0976333,0.551533,0.626067
2015-07-17,09:30,198.3957,100207.0,279.52,279.737,93.2667,92.4,280.127,279.877,279.837,279.8,2.17917,316.051,4.27428,317.029,0.0,144.883,20.8367,338.753,353.813,108.987,280.08,278.017,276.687,274.817,273.0,272.257,271.03,0.0977,0.5515,0.626033
2015-07-17,10:00,198.4165,100198.0,279.497,279.75,95.6667,95.1333,280.11,279.857,279.807,279.753,2.06263,328.732,4.01934,329.797,0.0,135.88,19.9433,340.163,354.05,102.047,280.157,278.107,276.703,274.807,273.01,272.26,271.04,0.0976,0.5514,0.626133
2015-07-17,10:30,198.4374,100195.0,279.657,279.917,95.7,94.9667,280.343,280.1,280.027,279.963,1.84476,346.658,3.44898,344.9,0.0,154.177,22.69,339.73,355.8,115.42,280.253,278.193,276.727,274.797,273.01,272.26,271.04,0.0976,0.551333,0.626167
2015-07-17,11:00,198.4582,100202.0,279.953,280.197,93.4,92.3667,280.537,280.29,280.223,280.167,1.78602,344.407,3.33619,344.436,0.0,140.397,20.9067,341.16,356.39,104.253,280.35,278.277,276.747,274.783,273.01,272.26,271.037,0.0976,0.5513,0.626167
2015-07-17,11:30,198.479,100209.0,280.063,280.26,93.6,92.5333,280.613,280.38,280.343,280.323,1.77852,325.147,3.27319,325.362,0.0,142.54,22.37,343.727,356.747,107.153,280.433,278.343,276.77,274.777,273.01,272.26,271.03,0.0976,0.5512,0.626167
2015-07-17,12:00,198.4999,100210.0,280.46,280.753,93.3333,92.1333,281.19,280.88,280.803,280.71,2.00031,321.746,3.75022,323.805,0.0001,212.133,32.78,343.907,361.04,162.223,280.573,278.493,276.803,274.767,273.01,272.26,271.04,0.0976,0.551133,0.6262
2015-07-17,12:30,198.5207,100212.0,280.783,281.147,92.2333,90.8667,281.673,281.347,281.237,281.09,2.14314,322.498,3.95344,323.502,0.0,286.017,44.2833,343.983,364.973,220.74,280.79,278.713,276.84,274.76,273.01,272.26,271.04,0.0976,0.5511,0.6263
2015-07-17,13:00,198.5415,100215.0,280.937,281.343,91.0667,89.8333,281.693,281.37,281.27,281.137,2.30719,325.594,4.38979,326.495,0.0,246.887,38.8167,344.883,364.297,188.647,281.01,278.903,276.88,274.753,273.01,272.26,271.04,0.0976,0.551067,0.626233
2015-07-17,13:30,198.5624,100221.0,281.323,281.747,88.6333,87.6333,282.103,281.777,281.727,281.58,2.47643,326.336,4.59569,325.835,0.0,276.49,42.3033,344.43,367.023,211.593,281.217,279.127,276.927,274.75,273.01,272.26,271.04,0.0975667,0.551,0.626233
2015-07-17,14:00,198.5832,100213.0,281.41,281.893,88.8,88.1,282.33,281.957,281.867,281.643,2.48872,311.931,4.67162,314.559,0.0,342.2,53.73,343.32,369.153,262.64,281.4,279.337,276.983,274.75,273.01,272.26,271.04,0.0974667,0.550833,0.6263
2015-07-17,14:30,198.604,100210.0,281.0,281.53,93.5667,93.2667,281.967,281.61,281.48,281.273,2.42658,337.137,4.60611,335.089,0.0,315.91,51.9333,347.02,367.673,243.33,281.623,279.517,277.05,274.74,273.01,272.26,271.04,0.0974,0.5507,0.6263
2015-07-17,15:00,198.6249,100200.0,281.557,282.053,87.6667,86.8333,282.447,282.097,281.98,281.85,2.54312,312.762,4.71065,313.529,0.0,293.703,47.9667,345.9,369.003,222.63,281.823,279.693,277.117,274.747,273.013,272.263,271.04,0.0973333,0.550433,0.626267
2015-07-17,15:30,198.6457,100201.0,281.483,281.893,87.5667,86.8333,282.35,282.04,281.953,281.827,2.7762,326.99,5.20914,326.962,0.0,277.35,46.21,346.58,367.34,210.38,281.893,279.75,277.187,274.74,273.01,272.26,271.04,0.0971333,0.550267,0.626233
2015-07-17,16:00,198.6665,100215.0,281.817,282.233,84.5333,83.9667,282.657,282.337,282.293,282.09,2.53146,320.867,4.68818,320.4,0.0,276.503,46.1833,346.173,369.197,207.297,282.01,279.833,277.26,274.75,273.01,272.26,271.04,0.0970333,0.550033,0.626233
2015-07-17,16:30,198.6873,100221.0,282.223,282.737,81.4,81.0667,283.113,282.767,282.72,282.437,2.74517,320.647,4.97278,319.978,0.0,323.85,54.4867,344.84,372.503,241.703,282.203,280.007,277.33,274.75,273.017,272.267,271.04,0.0969333,0.549867,0.6263
2015-07-17,17:00,198.7082,100236.0,281.587,282.02,87.6667,87.0667,282.31,281.993,281.94,281.763,2.63815,335.237,4.91287,333.663,0.0,242.387,40.7,345.323,366.95,180.057,282.28,280.003,277.39,274.76,273.02,272.27,271.04,0.0968,0.549667,0.6262
2015-07-17,17:30,198.729,100225.0,281.987,282.377,84.7,84.1333,282.763,282.407,282.38,282.21,2.43403,309.64,4.24728,309.91,0.0,248.317,42.0167,342.947,369.983,179.263,282.423,280.057,277.46,274.767,273.02,272.27,271.047,0.0966333,0.5494,0.6263
2015-07-17,18:00,198.7498,100235.0,282.157,282.593,84.4333,84.3333,282.943,282.613,282.583,282.37,2.67385,319.854,4.75448,320.256,0.0,243.893,41.51,342.497,370.273,174.607,282.547,280.09,277.51,274.773,273.02,272.27,271.04,0.0965333,0.549267,0.6262
2015-07-17,18:30,198.7707,100238.0,282.223,282.513,83.7667,83.6,282.667,282.397,282.41,282.293,2.2693,325.457,3.88704,324.597,0.0,185.427,31.37,342.457,368.73,127.783,282.617,280.017,277.563,274.783,273.02,272.27,271.047,0.0964,0.549,0.626167
2015-07-17,19:00,198.7915,100231.0,282.383,282.807,81.1667,81.0333,283.15,282.833,282.847,282.61,2.6836,324.929,4.57938,325.533,0.0,247.917,43.78,333.413,370.61,166.943,282.71,280.007,277.603,274.797,273.02,272.27,271.05,0.0963,0.548833,0.626133
2015-07-17,19:30,198.8123,100240.0,282.193,282.527,84.2667,84.2,282.837,282.557,282.577,282.443,2.70921,313.097,4.86198,312.501,0.0,179.187,31.1133,341.273,368.25,121.09,282.807,279.997,277.64,274.81,273.02,272.27,271.05,0.0962333,0.548667,0.626133
2015-07-17,20:00,198.8332,100241.0,282.043,282.25,84.7667,84.2,282.537,282.29,282.343,282.287,2.49202,321.272,4.44051,321.811,0.0,115.837,19.76,340.823,364.537,72.3633,282.81,279.887,277.663,274.823,273.02,272.27,271.05,0.0961,0.548433,0.6262
2015-07-17,20:30,198.854,100241.0,282.017,282.17,85.4333,84.8667,282.417,282.203,282.263,282.26,2.28523,323.348,4.04744,322.736,0.0,86.0733,14.11,342.12,363.143,50.9433,282.803,279.757,277.677,274.833,273.02,272.27,271.05,0.0960333,0.548267,0.6261
2015-07-17,21:00,198.8748,100254.0,281.823,281.937,87.3667,86.7,282.193,281.993,282.067,282.08,2.07679,335.961,3.67833,336.828,0.0,69.16,10.0167,342.293,362.063,39.37,282.79,279.61,277.687,274.847,273.02,272.27,271.05,0.096,0.548033,0.626133
2015-07-17,21:30,198.8956,100263.0,281.793,281.867,87.0667,86.0333,282.063,281.883,281.97,282.02,1.90917,344.913,3.329,344.006,0.0,51.0567,6.69667,341.33,360.76,24.93,282.79,279.473,277.687,274.863,273.02,272.27,271.05,0.096,0.5479,0.6261
2015-07-17,22:00,198.9165,100272.0,281.393,281.37,91.6333,90.6667,281.503,281.373,281.45,281.533,1.75969,33.0615,3.1588,32.3364,0.0,35.6067,3.78333,334.41,357.273,8.95667,282.763,279.31,277.673,274.877,273.02,272.27,271.05,0.096,0.5478,0.626033
2015-07-17,22:30,198.9373,100271.0,281.077,281.01,93.7667,92.2667,281.227,281.217,281.217,281.327,1.45412,73.8757,2.68075,67.7526,0.0,23.9167,2.14,336.083,355.077,2.78333,282.727,279.13,277.653,274.887,273.02,272.27,271.05,0.0961,0.547767,0.6261
2015-07-17,23:00,198.9581,100273.0,281.067,280.86,93.5667,90.0667,281.073,281.183,281.117,281.353,1.24143,72.623,2.45743,65.783,0.0,15.5667,0.516667,340.073,353.993,1.13,282.68,278.963,277.627,274.9,273.02,272.27,271.05,0.0961,0.547667,0.626067
2015-07-17,23:30,198.979,100279.0,281.217,280.89,93.2,88.6667,281.057,281.017,281.197,281.547,1.28564,242.638,2.11121,319.42,0.0,7.91667,0.0,345.65,354.203,-0.636667,282.633,278.82,277.59,274.91,273.02,272.27,271.05,0.0961667,0.547567,0.626067
2015-07-18,00:00,199.0,100287.0,280.943,280.797,93.1667,91.6,280.943,280.853,280.983,281.18,1.51376,307.187,2.86137,308.95,0.0,4.06,0.0,342.883,352.81,-5.86667,282.57,278.683,277.55,274.923,273.023,272.27,271.05,0.0962,0.5475,0.626067
2015-07-18,00:30,199.0208,100287.0,280.297,280.033,96.6333,95.3,280.01,279.97,280.15,280.51,1.3951,326.833,2.89511,326.333,0.0,0.776667,0.0,329.753,347.593,-17.06,282.47,278.503,277.507,274.93,273.027,272.277,271.057,0.0963,0.547533,0.626
2015-07-18,01:00,199.0416,100296.0,279.987,279.637,99.2333,97.6667,279.75,279.75,279.913,280.277,1.31607,35.9079,2.67397,39.0114,0.0,0.0,0.0,331.863,346.007,-14.1433,282.323,278.313,277.45,274.937,273.03,272.273,271.05,0.0963,0.547467,0.6261
2015-07-18,01:30,199.0624,100291.0,279.897,279.553,100.0,99.4333,279.73,279.793,279.903,280.26,1.13143,88.5648,2.19846,88.0429,0.0,0.0,0.0,336.903,345.933,-9.03,282.2,278.167,277.4,274.94,273.03,272.28,271.05,0.0964,0.5474,0.626067
2015-07-18,02:00,199.0833,100288.0,280.29,280.057,100.0,99.2,280.3,280.28,280.437,280.697,1.28136,115.889,2.117,116.412,0.0,0.0,0.0,340.583,348.3,-7.71333,282.12,278.067,277.34,274.947,273.03,272.277,271.05,0.0965,0.5474,0.6261
2015-07-18,02:30,199.1041,100307.0,280.31,280.17,100.0,99.2667,280.39,280.383,280.503,280.67,0.910945,78.7407,1.54488,85.8346,0.0,0.0,0.0,344.507,349.113,-4.60333,282.057,277.99,277.287,274.95,273.027,272.273,271.05,0.0966333,0.5474,0.626
2015-07-18,03:00,199.1249,100318.0,280.28,280.07,100.0,99.2333,280.197,280.16,280.357,280.617,1.11935,130.2,1.76334,131.1,0.0,1.84667,0.0,337.89,348.04,-8.30667,281.987,277.91,277.23,274.95,273.03,272.28,271.06,0.0967333,0.5474,0.626
2015-07-18,03:30,199.1458,100318.0,280.25,279.987,100.0,99.5667,279.993,280.23,280.313,280.59,0.839117,76.192,1.45414,110.891,0.0,5.59333,0.0,334.73,346.843,-6.51667,281.903,277.827,277.177,274.95,273.03,272.28,271.06,0.0968667,0.5474,0.626
2015-07-18,04:00,199.1666,100322.0,280.24,279.93,100.0,100.0,279.91,280.113,280.263,280.603,0.832453,105.112,1.48301,104.521,0.0,9.84333,0.0,332.853,346.06,-3.36667,281.797,277.74,277.123,274.95,273.03,272.28,271.06,0.0969667,0.547367,0.626033
2015-07-18,04:30,199.1874,100332.0,280.37,280.057,100.0,99.6,279.94,280.07,280.353,280.707,0.859139,200.039,1.30645,156.132,0.0,16.27,0.0,336.37,348.25,4.39333,281.71,277.687,277.073,274.94,273.03,272.28,271.06,0.0970333,0.5473,0.626067
2015-07-18,05:00,199.2083,100338.0,280.53,280.327,100.0,99.3333,280.583,280.513,280.657,280.853,0.978545,191.898,1.51462,188.2,0.0,33.3033,4.09,334.593,351.76,12.05,281.663,277.673,277.027,274.94,273.037,272.28,271.06,0.0971333,0.5473,0.626067
2015-07-18,05:30,199.2291,100336.0,280.827,280.793,98.6,97.5667,281.1,280.98,281.057,281.163,1.29199,184.381,1.86541,187.068,0.0,48.5167,6.94,332.283,354.327,19.53,281.663,277.693,276.983,274.93,273.033,272.28,271.06,0.0972667,0.5473,0.626
2015-07-18,06:00,199.2499,100343.0,281.003,281.037,97.7,97.1667,281.387,281.2,281.24,281.31,1.82389,149.669,2.51836,150.402,0.0,64.8733,9.22333,340.72,356.66,39.7067,281.68,277.763,276.95,274.923,273.03,272.28,271.06,0.0973667,0.547333,0.626
2015-07-18,06:30,199.2707,100347.0,280.753,280.84,98.3,98.0333,281.193,280.977,280.96,281.0,1.83193,153.533,2.45631,155.767,0.0,85.9667,13.64,341.06,357.477,55.9167,281.71,277.86,276.917,274.917,273.03,272.28,271.06,0.0974667,0.547233,0.626
2015-07-18,07:00,199.2916,100354.0,280.98,281.09,96.5333,96.2667,281.543,281.283,281.273,281.283,1.57382,169.238,2.08353,169.548,0.0,90.77,15.41,345.82,359.57,61.6133,281.727,277.947,276.893,274.907,273.03,272.28,271.06,0.0975333,0.547233,0.625967
2015-07-18,07:30,199.3124,100375.0,281.693,281.793,93.2,92.9333,282.213,281.923,281.89,281.91,1.27002,195.38,1.54048,193.805,0.0,136.113,23.6033,344.877,364.783,92.6,281.777,278.063,276.88,274.897,273.04,272.28,271.06,0.0976,0.5472,0.626067
2015-07-18,08:00,199.3332,100388.0,282.113,282.283,91.3667,91.1667,282.417,282.147,282.143,282.093,1.18439,319.281,1.59948,324.029,0.0,144.463,25.4633,346.197,366.8,98.3967,281.87,278.207,276.88,274.89,273.04,272.28,271.06,0.0976,0.547333,0.626
2015-07-18,08:30,199.3541,100395.0,282.413,282.593,88.2,88.1,282.573,282.307,282.333,282.28,1.16206,350.679,1.59772,346.671,0.0,135.05,22.51,336.213,367.03,81.72,281.977,278.297,276.88,274.88,273.04,272.287,271.067,0.0976333,0.5471,0.626033
2015-07-18,09:00,199.3749,100397.0,282.77,282.95,84.9333,84.6667,282.977,282.75,282.787,282.697,1.14361,26.6567,1.44448,29.4702,0.0,170.903,29.6,344.66,370.803,115.157,282.05,278.41,276.897,274.87,273.04,272.28,271.063,0.0975667,0.546933,0.6261
2015-07-18,09:30,199.3957,100398.0,282.9,283.05,85.3,84.8667,283.317,283.0,282.977,282.94,1.30426,142.674,1.66039,140.059,0.0,201.763,35.46,347.807,372.527,141.587,282.123,278.537,276.913,274.857,273.04,272.287,271.067,0.0974667,0.547033,0.626033
2015-07-18,10:00,199.4165,100395.0,283.663,283.84,80.9667,80.5733,283.813,283.517,283.49,283.377,1.42259,3.0427,1.61806,6.04954,0.0,232.953,40.73,344.32,376.907,159.633,282.297,278.743,276.94,274.85,273.04,272.29,271.07,0.0973667,0.546867,0.626033
2015-07-18,10:30,199.4374,100396.0,283.98,284.17,79.1433,78.7733,284.097,283.78,283.797,283.657,1.464,355.923,1.80399,4.29395,0.0,248.967,44.46,352.713,379.543,177.677,282.457,278.927,276.97,274.843,273.04,272.287,271.07,0.0972333,0.546667,0.625967
2015-07-18,11:00,199.4582,100407.0,284.137,284.343,77.47,77.1833,284.5,284.09,284.02,283.983,1.63554,238.359,2.03997,230.692,0.0,257.837,46.8933,354.44,381.503,183.88,282.613,279.11,277.017,274.84,273.043,272.29,271.07,0.0970667,0.546467,0.626033
2015-07-18,11:30,199.479,100420.0,284.557,284.833,74.2433,74.0267,285.057,284.59,284.493,284.387,1.6649,271.35,2.21631,268.272,0.0,303.083,53.8267,355.13,385.563,218.823,282.787,279.323,277.063,274.83,273.04,272.287,271.067,0.0969,0.546133,0.626
2015-07-18,12:00,199.4999,100439.0,284.673,285.093,73.8367,73.8867,285.373,284.91,284.837,284.643,1.80464,286.025,2.48279,285.009,0.0,307.723,54.75,356.33,387.243,222.06,282.987,279.58,277.127,274.83,273.04,272.29,271.07,0.0966667,0.545833,0.626033
2015-07-18,12:30,199.5207,100431.0,285.083,285.45,72.8133,72.7967,285.713,285.207,285.137,284.933,1.75638,296.502,2.36713,298.285,0.0,344.997,60.47,354.703,390.62,248.607,283.217,279.83,277.193,274.82,273.04,272.29,271.07,0.0964333,0.545567,0.625967
2015-07-18,13:00,199.5415,100441.0,284.943,285.25,74.6467,74.6333,285.293,284.927,284.923,284.813,1.63227,306.349,2.23747,303.949,0.0,230.32,41.29,357.793,385.75,161.077,283.377,279.96,277.267,274.82,273.04,272.29,271.07,0.0962333,0.545033,0.626067
2015-07-18,13:30,199.5624,100451.0,285.167,285.31,73.58,73.06,285.41,285.09,285.08,284.977,1.48344,36.313,1.9349,47.0349,0.0,229.393,41.05,357.733,385.58,160.5,283.48,280.017,277.343,274.82,273.04,272.29,271.07,0.0960333,0.544633,0.626067
2015-07-18,14:00,199.5832,100442.0,285.817,286.093,70.9467,70.5967,286.337,285.903,285.84,285.653,1.71337,96.8334,2.2386,93.4742,0.0,402.133,72.0167,355.253,395.68,289.693,283.673,280.23,277.417,274.82,273.043,272.29,271.07,0.0958,0.5443,0.625933
2015-07-18,14:30,199.604,100438.0,286.277,286.733,68.5367,68.7133,286.793,286.253,286.213,285.973,1.78383,269.188,2.42038,269.522,0.0,415.507,74.2167,355.597,399.61,297.28,283.97,280.523,277.497,274.83,273.043,272.29,271.07,0.0956,0.544,0.625967
2015-07-18,15:00,199.6249,100420.0,286.86,287.273,67.0167,67.0467,287.273,286.75,286.72,286.4,1.78045,317.171,2.44932,318.705,0.0,506.02,90.67,341.677,404.537,352.49,284.327,280.827,277.58,274.833,273.05,272.29,271.073,0.0952667,0.543533,0.625967
2015-07-18,15:30,199.6457,100406.0,287.423,287.957,64.7667,65.17,287.747,287.247,287.257,286.967,2.05864,328.404,2.97847,331.703,0.0,448.083,79.83,338.69,404.557,302.39,284.78,281.14,277.673,274.84,273.05,272.29,271.08,0.0948667,0.543033,0.626
2015-07-18,16:00,199.6665,100396.0,286.78,287.287,66.7133,66.77,287.65,287.1,287.097,286.87,3.02818,296.685,3.51187,298.881,0.0,347.153,62.1667,356.947,399.513,242.417,284.953,281.263,277.77,274.85,273.05,272.29,271.073,0.0946,0.542567,0.625933
2015-07-18,16:30,199.6873,100403.0,286.703,287.083,68.5467,68.2633,287.453,287.003,287.03,286.87,2.38561,292.933,3.59205,295.834,0.0,276.473,49.08,359.203,396.147,190.453,285.057,281.31,277.867,274.86,273.05,272.293,271.077,0.0943,0.542,0.625967
2015-07-18,17:00,199.7082,100405.0,286.733,287.093,68.7433,68.4567,287.567,287.08,287.097,286.933,2.29146,293.222,3.26654,295.607,0.0,280.723,49.9333,358.797,396.81,192.777,285.163,281.353,277.96,274.873,273.05,272.293,271.08,0.0941333,0.541533,0.6259
2015-07-18,17:30,199.729,100395.0,286.847,287.183,68.32,68.1433,287.437,286.983,287.03,286.903,2.15451,298.154,2.9049,300.966,0.0,253.217,45.3067,358.34,396.247,170.007,285.31,281.4,278.047,274.893,273.057,272.3,271.08,0.0939667,0.541167,0.6259
2015-07-18,18:00,199.7498,100395.0,286.927,287.183,68.33,67.8767,287.44,287.047,287.077,287.017,1.91744,262.922,2.47174,267.13,0.0,212.99,38.51,361.123,394.543,141.067,285.38,281.343,278.11,274.907,273.053,272.3,271.08,0.0938333,0.540733,0.625867
2015-07-18,18:30,199.7707,100395.0,286.91,287.11,68.75,68.1833,287.24,286.9,286.96,286.927,1.76042,272.733,2.07806,277.219,0.0,152.523,26.8133,361.02,391.51,95.2167,285.44,281.267,278.17,274.92,273.05,272.3,271.08,0.0938,0.5404,0.6258
2015-07-18,19:00,199.7915,100395.0,286.653,286.803,70.5533,69.6233,287.09,286.753,286.85,286.84,2.02144,286.601,2.64942,292.632,0.0,132.093,23.0333,360.693,389.01,80.75,285.473,281.15,278.217,274.937,273.053,272.3,271.08,0.0938,0.540167,0.6258
2015-07-18,19:30,199.8123,100395.0,286.637,286.757,70.8267,69.7967,287.06,286.74,286.827,286.823,1.81879,285.161,2.2779,292.654,0.0,125.57,22.24,360.63,388.457,75.5033,285.513,281.053,278.26,274.96,273.06,272.3,271.08,0.0938,0.5399,0.625833
2015-07-18,20:00,199.8332,100411.0,286.787,286.94,70.3633,69.6133,287.197,286.853,286.943,286.907,1.78185,290.4,2.19842,296.333,0.0,141.86,26.46,361.407,390.243,86.5633,285.59,281.017,278.283,274.98,273.06,272.3,271.08,0.0938,0.539667,0.625667
2015-07-18,20:30,199.854,100411.0,286.887,286.93,70.2133,69.43,286.94,286.72,286.823,286.863,1.47425,357.132,1.72859,11.5596,0.0,103.88,19.3933,360.28,387.52,57.2467,285.64,280.93,278.303,275.0,273.06,272.3,271.08,0.0938,0.5395,0.625733
2015-07-18,21:00,199.8748,100424.0,286.687,286.617,73.48,71.2533,286.59,286.5,286.6,286.707,1.40848,36.1523,1.84768,39.861,0.0,52.2567,9.20667,360.46,382.82,20.6933,285.653,280.777,278.31,275.023,273.06,272.3,271.08,0.0939,0.539367,0.625733
2015-07-18,21:30,199.8956,100451.0,286.287,286.077,80.6333,75.3233,286.043,286.02,286.19,286.43,1.34283,35.0481,1.91795,51.7423,0.0,29.5533,4.60333,359.947,378.86,6.03667,285.63,280.58,278.31,275.043,273.06,272.3,271.08,0.094,0.539167,0.625667
2015-07-18,22:00,199.9165,100462.0,285.963,285.627,84.1,77.1933,285.377,285.36,285.67,286.077,1.04222,0.469193,1.86371,23.161,0.0,17.9167,2.39667,359.857,374.753,0.62,285.577,280.37,278.303,275.057,273.06,272.3,271.08,0.0941,0.5391,0.6256
2015-07-18,22:30,199.9373,100466.0,285.54,284.957,87.4667,78.8333,284.677,284.84,285.103,285.68,0.919588,39.9544,1.84579,21.0737,0.0,9.18333,0.36,359.73,370.883,-2.32333,285.497,280.16,278.283,275.077,273.06,272.3,271.083,0.0942333,0.538967,0.625667
2015-07-18,23:00,199.9581,100460.0,285.223,284.503,89.1,79.9233,284.193,284.447,284.74,285.413,0.959282,43.8378,2.00328,36.2456,0.0,7.98,0.0,356.9,368.013,-3.13667,285.39,279.953,278.253,275.097,273.06,272.3,271.083,0.0943333,0.538833,0.625667
2015-07-18,23:30,199.979,100458.0,284.79,283.953,90.7333,82.9667,283.783,283.86,284.15,284.833,0.984325,47.1944,2.35125,51.0576,0.0,6.33,0.0,356.53,366.193,-3.33667,285.27,279.77,278.217,275.113,273.06,272.3,271.08,0.0944667,0.5388,0.6255
2015-07-19,00:00,200.0,100466.0,284.513,283.773,90.6,85.3333,283.65,283.89,284.123,284.757,1.04891,61.0439,2.20797,63.1953,0.0,0.78,0.0,358.483,365.117,-5.85,285.16,279.6,278.17,275.127,273.063,272.3,271.083,0.0945667,0.5388,0.6256
2015-07-19,00:30,200.0208,100478.0,284.467,283.753,90.8667,86.3667,283.553,283.713,284.05,284.67,1.04543,39.371,2.18317,59.5898,0.0,0.0,0.0,357.313,364.51,-7.19667,285.04,279.443,278.123,275.143,273.07,272.3,271.087,0.0947333,0.538733,0.6256
2015-07-19,01:00,200.0416,100489.0,284.2,283.42,92.3667,88.4,282.84,283.35,283.73,284.47,1.05135,11.0647,1.82138,59.9137,0.0,0.0,0.0,355.313,362.18,-6.86667,284.91,279.297,278.07,275.153,273.07,272.3,271.09,0.0949333,0.5388,0.625533
2015-07-19,01:30,200.0624,100489.0,284.03,283.097,93.8,89.5333,282.243,282.947,283.323,284.2,1.03187,89.4675,1.80807,68.2069,0.0,0.0,0.0,354.59,360.407,-5.81667,284.77,279.153,278.01,275.16,273.07,272.3,271.09,0.0951333,0.538833,0.6255
2015-07-19,02:00,200.0833,100488.0,283.717,282.827,95.7667,94.9667,281.903,282.493,283.333,284.043,0.9898,306.141,1.34877,149.117,0.0,0.0,0.0,353.4,359.18,-5.78,284.623,279.02,277.953,275.17,273.07,272.3,271.087,0.0953333,0.5389,0.625467
2015-07-19,02:30,200.1041,100492.0,283.853,282.963,97.2333,94.3,282.67,282.893,283.453,284.117,1.54233,137.655,2.44363,149.342,0.0,0.0,0.0,355.43,361.043,-5.60667,284.483,278.903,277.9,275.177,273.07,272.3,271.087,0.0955,0.539033,0.625567
2015-07-19,03:00,200.1249,100505.0,283.943,283.523,96.7333,94.0667,283.633,283.603,283.893,284.29,1.68063,127.77,2.56699,131.172,0.0001,0.0,0.0,358.283,363.88,-5.6,284.437,278.853,277.84,275.18,273.07,272.303,271.09,0.0957,0.5389,0.625567
2015-07-19,03:30,200.1458,100504.0,283.85,283.493,97.8,95.5333,283.613,283.57,283.823,284.137,1.81771,154.734,2.71958,153.666,0.0001,2.08,0.0,358.223,364.39,-4.09,284.373,278.793,277.79,275.18,273.07,272.303,271.09,0.0959667,0.538967,0.625633
2015-07-19,04:00,200.1666,100504.0,283.77,283.433,98.1667,96.0,283.57,283.513,283.76,284.083,1.81601,135.231,2.69951,136.697,0.0,4.10333,0.0,354.163,363.897,-5.63333,284.33,278.743,277.74,275.18,273.08,272.31,271.09,0.0961667,0.5391,0.6256
2015-07-19,04:30,200.1874,100504.0,283.653,283.387,98.1333,96.2,283.52,283.453,283.673,283.93,1.80031,122.925,2.66649,123.434,0.0,5.83667,0.0,353.8,364.017,-4.37333,284.273,278.693,277.69,275.18,273.08,272.31,271.09,0.0963333,0.5391,0.625567
2015-07-19,05:00,200.2083,100504.0,283.237,283.063,97.5333,95.8333,283.263,283.17,283.347,283.53,2.24366,117.233,3.24448,118.3,0.0,24.72,1.92,348.82,363.647,7.97,284.213,278.68,277.643,275.18,273.08,272.31,271.09,0.0964667,0.5392,0.6256
2015-07-19,05:30,200.2291,100503.0,283.267,283.207,97.1333,95.6,283.533,283.383,283.503,283.623,2.17786,115.7,3.10347,117.433,0.0,80.7667,12.3633,341.147,366.807,42.7433,284.19,278.747,277.607,275.177,273.08,272.31,271.09,0.0966333,0.5392,0.625567
2015-07-19,06:00,200.2499,100528.0,283.61,283.573,94.7333,93.1667,283.82,283.667,283.807,283.94,2.04515,120.768,2.89397,121.068,0.0,58.7267,8.06667,349.67,368.217,32.1067,284.197,278.83,277.577,275.17,273.08,272.31,271.09,0.0968,0.539233,0.625567
2015-07-19,06:30,200.2707,100525.0,283.983,284.007,95.1,93.5333,284.43,284.227,284.317,284.387,2.16623,123.813,3.04857,124.408,0.0,119.32,18.9033,346.29,372.593,74.1133,284.203,278.913,277.55,275.163,273.08,272.31,271.09,0.0969333,0.539233,0.6256
2015-07-19,07:00,200.2916,100542.0,284.753,284.837,91.4667,90.1333,285.173,284.947,285.017,285.09,2.3928,141.1,3.31715,140.967,0.0,147.767,24.2133,348.763,377.03,95.29,284.28,279.077,277.54,275.16,273.083,272.31,271.09,0.0970667,0.5393,0.625533
2015-07-19,07:30,200.3124,100561.0,285.04,285.067,89.7,88.2333,285.297,285.09,285.213,285.33,2.04838,151.43,2.89525,153.427,0.0,94.44,15.0833,351.42,376.497,54.2767,284.34,279.19,277.53,275.15,273.09,272.31,271.097,0.0971,0.539267,0.6256
2015-07-19,08:00,200.3332,100567.0,285.633,285.717,87.1333,85.8333,286.087,285.79,285.86,285.89,1.84204,149.4,2.44737,148.733,0.0,161.807,27.9267,347.49,382.517,98.85,284.403,279.317,277.537,275.143,273.09,272.31,271.09,0.0971333,0.539133,0.625633
2015-07-19,08:30,200.3541,100567.0,286.39,286.547,82.6667,81.4333,286.903,286.58,286.62,286.643,2.04684,140.068,2.76044,139.534,0.0,224.287,41.12,345.577,387.527,141.217,284.527,279.503,277.55,275.133,273.09,272.31,271.1,0.0971,0.5391,0.625533
2015-07-19,09:00,200.3749,100567.0,286.64,286.82,82.5667,81.4333,287.07,286.783,286.853,286.86,2.43655,132.033,3.46046,130.734,0.0,202.707,36.55,350.61,387.783,128.983,284.667,279.67,277.57,275.127,273.09,272.31,271.1,0.0970667,0.539033,0.625567
2015-07-19,09:30,200.3957,100579.0,287.053,287.23,78.6133,77.5167,287.507,287.21,287.297,287.317,2.25803,124.7,3.26217,124.7,0.0,199.493,35.3433,354.217,390.433,127.93,284.793,279.837,277.6,275.12,273.09,272.31,271.1,0.0969,0.538867,0.625533
2015-07-19,10:00,200.4165,100594.0,287.233,287.33,76.0733,74.5133,287.54,287.273,287.397,287.473,2.08225,135.566,2.91463,135.733,0.0,153.673,27.4567,360.147,389.503,96.8667,284.877,279.937,277.637,275.117,273.09,272.31,271.097,0.0967,0.538667,0.6256
2015-07-19,10:30,200.4374,100600.0,287.493,287.613,74.7467,73.2067,287.97,287.667,287.757,287.797,2.16602,127.901,3.14485,129.234,0.0,211.833,37.4567,360.893,393.087,142.18,284.96,280.06,277.677,275.11,273.09,272.31,271.1,0.0965667,0.5385,0.625433
2015-07-19,11:00,200.4582,100610.0,287.823,288.03,69.57,68.16,288.327,288.02,288.083,288.107,2.50994,137.266,3.64489,137.167,0.0,244.507,42.67,355.92,395.447,162.3,285.097,280.227,277.723,275.103,273.09,272.313,271.1,0.0963333,0.5383,0.6254
2015-07-19,11:30,200.479,100596.0,287.957,288.183,68.9067,67.87,288.477,288.16,288.22,288.213,2.66108,137.664,3.94165,137.365,0.0,241.94,41.8333,358.973,396.99,162.087,285.22,280.38,277.773,275.1,273.09,272.31,271.1,0.0960333,0.538033,0.625467
2015-07-19,12:00,200.4999,100607.0,287.957,288.123,68.57,67.4167,288.48,288.153,288.22,288.253,2.50864,151.811,3.75893,152.772,0.0,223.147,38.8067,363.233,396.587,150.977,285.303,280.477,277.827,275.1,273.093,272.31,271.1,0.0957333,0.5378,0.625433
2015-07-19,12:30,200.5207,100598.0,288.46,288.777,66.3067,65.45,289.217,288.803,288.78,288.743,2.50205,160.133,3.68779,158.3,0.0,338.733,60.5133,357.47,403.897,231.787,285.48,280.69,277.88,275.1,273.093,272.313,271.1,0.0955,0.5375,0.6255
2015-07-19,13:00,200.5415,100585.0,289.093,289.733,63.98,63.9967,290.49,289.93,289.723,289.457,2.90291,134.167,4.19097,135.001,0.0,604.607,110.473,341.11,418.177,417.07,285.863,281.13,277.947,275.1,273.1,272.32,271.1,0.0951667,0.537133,0.625433
2015-07-19,13:30,200.5624,100582.0,289.343,289.853,63.6233,63.8633,290.143,289.693,289.647,289.53,2.75147,150.672,4.08868,153.734,0.0,347.78,61.6,360.32,412.103,234.4,286.217,281.48,278.023,275.1,273.1,272.32,271.103,0.0948,0.5367,0.6254
2015-07-19,14:00,200.5832,100572.0,289.857,290.377,60.6433,60.7667,290.873,290.35,290.243,290.087,2.88935,147.004,4.32135,148.168,0.0,488.86,87.58,355.7,419.503,337.477,286.417,281.79,278.117,275.11,273.1,272.32,271.107,0.0944,0.536267,0.625433
2015-07-19,14:30,200.604,100567.0,289.94,290.53,57.3633,57.42,290.94,290.447,290.34,290.103,3.13376,133.333,4.54756,132.333,0.0,482.42,86.3767,349.777,419.293,326.523,286.653,282.09,278.22,275.113,273.1,272.32,271.107,0.0939333,0.535733,0.625267
2015-07-19,15:00,200.6249,100566.0,289.71,290.29,59.31,59.44,290.773,290.297,290.2,290.007,3.10035,133.797,4.49397,134.332,0.0,454.377,81.08,348.063,417.463,303.9,286.773,282.25,278.327,275.12,273.1,272.32,271.107,0.0935,0.5352,0.625333
2015-07-19,15:30,200.6457,100549.0,290.133,290.823,56.6533,57.0133,291.31,290.777,290.62,290.347,3.33643,132.402,4.76302,132.469,0.0,557.003,100.797,332.427,423.08,365.543,287.003,282.51,278.44,275.13,273.1,272.32,271.11,0.0931,0.5346,0.625367
2015-07-19,16:00,200.6665,100528.0,290.37,290.893,55.93,55.8633,291.23,290.767,290.693,290.573,2.91293,125.615,4.06567,124.994,0.0,445.613,81.0433,326.593,418.793,272.37,287.19,282.487,278.553,275.14,273.103,272.32,271.11,0.0928,0.533967,0.625367
2015-07-19,16:30,200.6873,100521.0,290.07,290.377,58.7,58.1467,290.47,290.11,290.2,290.2,2.6778,117.541,3.79014,118.234,0.0,269.677,47.2433,336.103,409.723,148.813,287.243,282.363,278.653,275.153,273.11,272.32,271.11,0.0925333,0.533433,0.6253
2015-07-19,17:00,200.7082,100508.0,290.767,291.18,56.8233,56.6767,291.32,290.827,290.797,290.807,2.70251,143.102,3.62878,140.715,0.0,402.193,76.0267,338.383,419.227,245.32,287.38,282.383,278.747,275.167,273.11,272.32,271.11,0.0924,0.532967,0.625233
2015-07-19,17:30,200.729,100504.0,290.17,290.257,61.18,59.99,290.243,289.92,290.107,290.163,2.2157,137.41,2.93959,132.877,0.0,182.57,31.96,342.437,405.69,87.3567,287.43,282.18,278.81,275.183,273.11,272.32,271.107,0.0923,0.532533,0.625267
2015-07-19,18:00,200.7498,100486.0,290.487,290.747,60.41,59.5167,290.89,290.54,290.683,290.607,2.45649,102.899,3.5424,100.632,0.0,249.693,45.85,349.617,411.067,142.397,287.5,282.19,278.867,275.203,273.11,272.32,271.11,0.0923,0.532167,0.6252
2015-07-19,18:30,200.7707,100470.0,290.68,290.85,60.84,59.97,291.003,290.637,290.793,290.83,2.45207,122.538,3.19217,120.231,0.0,231.52,43.5333,353.773,411.01,130.757,287.59,282.157,278.913,275.227,273.11,272.327,271.11,0.0923,0.5318,0.6251
2015-07-19,19:00,200.7915,100459.0,291.247,291.487,59.49,58.6867,291.413,291.027,291.18,291.143,2.29628,115.669,3.11994,110.881,0.0,257.83,51.3033,345.333,413.417,138.443,287.723,282.127,278.94,275.243,273.11,272.32,271.11,0.0922,0.5315,0.625067
2015-07-19,19:30,200.8123,100457.0,291.107,291.183,57.8133,56.38,291.05,290.723,290.94,291.023,2.12272,142.377,2.79921,140.031,0.0,191.767,38.2467,343.55,408.067,89.0033,287.78,281.947,278.96,275.267,273.11,272.32,271.11,0.0922667,0.5312,0.6251
2015-07-19,20:00,200.8332,100458.0,290.717,290.707,62.51,59.9133,290.597,290.347,290.62,290.717,1.81722,123.698,2.52947,117.675,0.0,120.737,22.0733,357.497,404.703,51.4633,287.81,281.847,278.977,275.29,273.113,272.32,271.11,0.0923333,0.530933,0.625067
2015-07-19,20:30,200.854,100458.0,290.28,290.157,67.46,64.1933,290.127,289.9,290.22,290.41,1.6489,117.3,2.4566,112.365,0.0,78.76,14.1167,368.04,401.41,31.2733,287.817,281.747,278.99,275.31,273.12,272.327,271.11,0.0924667,0.530733,0.625
2015-07-19,21:00,200.8748,100450.0,289.933,289.8,73.1567,69.45,289.847,289.667,289.92,290.09,1.39291,112.715,2.14061,100.83,0.0,73.3333,13.6267,365.387,399.31,25.7867,287.82,281.61,278.987,275.33,273.12,272.327,271.11,0.0926667,0.530633,0.624967
2015-07-19,21:30,200.8956,100458.0,289.667,289.447,72.42,70.02,289.353,289.197,289.543,289.83,1.54221,161.974,2.28944,159.536,0.0,47.71,8.44333,367.763,395.267,11.76,287.803,281.463,278.973,275.35,273.12,272.323,271.11,0.0928667,0.5305,0.624867
2015-07-19,22:00,200.9165,100458.0,289.183,288.703,74.5833,70.97,288.067,288.327,288.927,289.417,1.04363,116.055,1.67519,151.317,0.0,13.56,0.9,370.633,387.11,-3.81667,287.71,281.257,278.96,275.37,273.123,272.327,271.11,0.0930333,0.530467,0.624933
2015-07-19,22:30,200.9373,100458.0,288.67,287.883,79.5333,74.1733,286.887,287.233,287.927,288.72,1.06574,18.6137,1.63045,58.628,0.0,16.08,1.98,370.197,383.807,0.49,287.553,281.037,278.94,275.387,273.127,272.327,271.11,0.0931667,0.530433,0.624867
2015-07-19,23:00,200.9581,100442.0,287.667,286.757,89.2,82.9333,286.577,286.617,286.917,287.6,0.948114,47.2214,2.20358,57.8693,0.0,15.8067,2.76333,369.537,382.0,0.58,287.453,280.877,278.907,275.407,273.13,272.33,271.12,0.0933667,0.5303,0.6247
2015-07-19,23:30,200.979,100440.0,287.23,286.423,92.1667,86.9,286.207,286.377,286.767,287.59,0.957772,112.085,2.05022,98.6574,0.0,10.2533,0.0,366.12,379.3,-2.92667,287.35,280.71,278.863,275.42,273.13,272.33,271.12,0.0935667,0.530367,0.624867
2015-07-20,00:00,201.0,100429.0,287.563,286.773,90.7333,85.4,286.387,286.54,287.14,287.83,1.19242,125.808,2.17235,133.534,0.0,1.91667,0.0,368.953,377.893,-7.02,287.21,280.53,278.82,275.433,273.13,272.327,271.11,0.0937667,0.5304,0.624833
2015-07-20,00:30,201.0208,100398.0,287.193,286.647,90.3,86.5667,286.76,286.703,287.033,287.48,1.52909,108.167,2.85385,110.631,0.0,0.0,0.0,370.55,379.53,-8.97667,287.103,280.397,278.773,275.447,273.133,272.33,271.12,0.0939333,0.5305,0.624833
2015-07-20,01:00,201.0416,100382.0,286.9,286.62,89.7,87.6667,286.743,286.623,286.887,287.16,1.63192,105.333,2.87877,104.733,0.0,0.0,0.0,371.393,379.767,-8.37667,287.03,280.287,278.72,275.453,273.14,272.327,271.117,0.0942,0.530667,0.624767
2015-07-20,01:30,201.0624,100361.0,286.857,286.577,91.6333,89.7333,286.747,286.643,286.927,287.22,2.02704,119.365,3.27963,119.496,0.0,0.0,0.0,366.507,379.89,-13.3867,286.977,280.2,278.67,275.46,273.14,272.33,271.12,0.0945,0.5307,0.624767
2015-07-20,02:00,201.0833,100345.0,286.937,286.677,88.0333,86.0667,286.823,286.717,286.993,287.267,2.20638,115.257,3.35468,114.921,0.0,0.0,0.0,368.77,380.007,-11.2367,286.937,280.137,278.617,275.47,273.14,272.33,271.117,0.0947,0.5308,0.624733
2015-07-20,02:30,201.1041,100325.0,286.453,286.183,89.7667,87.9667,286.22,286.133,286.4,286.713,1.89042,106.4,3.16816,103.533,0.0,0.0,0.0,364.033,376.803,-12.7667,286.817,280.023,278.57,275.48,273.14,272.33,271.12,0.0949,0.530767,0.6247
2015-07-20,03:00,201.1249,100311.0,286.25,285.817,91.7667,89.0333,285.857,285.8,286.103,286.523,2.04353,112.046,3.3501,109.333,0.0,0.0,0.0,365.073,375.09,-10.0167,286.683,279.907,278.517,275.48,273.143,272.33,271.12,0.0950333,0.5309,0.6247
2015-07-20,03:30,201.1458,100292.0,286.407,286.033,88.1333,85.4333,286.217,286.163,286.457,286.83,2.35037,113.619,3.6576,116.826,0.0,1.00667,0.0,368.587,376.583,-6.99,286.58,279.83,278.467,275.48,273.15,272.33,271.12,0.0951333,0.530933,0.624633
2015-07-20,04:00,201.1666,100280.0,286.3,285.7,90.4,86.5,285.58,285.593,285.86,286.457,2.18994,74.5512,3.75671,77.7328,0.0,3.39,0.0,368.763,374.553,-2.4,286.463,279.743,278.42,275.48,273.15,272.33,271.12,0.0953333,0.531,0.624733
2015-07-20,04:30,201.1874,100249.0,286.147,285.68,91.8333,88.7667,285.89,285.817,286.02,286.407,2.53866,86.2927,4.20058,88.9317,0.0,8.24667,0.0,367.423,375.977,-0.306667,286.35,279.683,278.377,275.48,273.15,272.33,271.12,0.0954667,0.5311,0.624667
2015-07-20,05:00,201.2083,100243.0,286.03,285.78,92.5,90.6,285.937,285.82,286.06,286.327,2.7511,107.096,4.24194,104.695,0.0,21.5033,1.43333,360.64,376.537,4.17,286.273,279.64,278.327,275.48,273.15,272.33,271.12,0.0956333,0.531133,0.6247
2015-07-20,05:30,201.2291,100239.0,286.303,286.123,92.6333,90.6,286.357,286.207,286.44,286.643,2.6893,124.299,3.93975,125.535,0.0,32.3867,4.45333,365.39,379.827,13.4933,286.247,279.65,278.29,275.477,273.153,272.33,271.12,0.0958,0.531233,0.624667
2015-07-20,06:00,201.2499,100215.0,286.697,286.523,90.2,88.3,286.787,286.65,286.893,287.113,3.4654,124.269,5.00833,125.634,0.0,33.1167,3.25,367.287,381.077,16.08,286.237,279.693,278.253,275.47,273.16,272.33,271.12,0.0960333,0.5313,0.624533
2015-07-20,06:30,201.2707,100207.0,286.92,286.73,89.0,87.1333,286.907,286.763,287.013,287.233,3.30479,122.967,4.91065,123.299,0.0,24.6733,1.40667,371.177,381.71,12.7367,286.227,279.703,278.22,275.467,273.16,272.33,271.12,0.0961667,0.531333,0.624733
2015-07-20,07:00,201.2916,100192.0,287.097,286.923,90.1667,87.9333,287.123,286.98,287.223,287.427,3.5799,130.666,5.2581,131.233,0.0001,51.96,7.74667,370.42,383.487,31.14,286.237,279.767,278.197,275.46,273.16,272.337,271.123,0.0963,0.5314,0.6247
2015-07-20,07:30,201.3124,100182.0,287.563,287.427,89.6,87.3,287.67,287.513,287.75,287.943,3.96766,128.166,5.82726,128.6,0.0,97.3867,14.2267,356.587,386.543,53.21,286.293,279.88,278.177,275.453,273.16,272.33,271.127,0.0964667,0.531467,0.624767
2015-07-20,08:00,201.3332,100169.0,288.747,288.76,83.9667,82.32,289.093,288.863,289.04,289.147,4.32131,132.164,6.28507,132.762,0.0,216.593,39.37,352.66,395.667,134.213,286.413,280.067,278.17,275.45,273.163,272.34,271.13,0.0965667,0.5315,0.624767
2015-07-20,08:30,201.3541,100158.0,289.693,289.687,77.9533,76.36,289.803,289.59,289.83,289.973,4.78439,145.234,7.09602,146.168,0.0,168.883,30.7433,371.163,398.473,110.823,286.58,280.297,278.17,275.44,273.163,272.337,271.123,0.0965333,0.5315,0.6247
2015-07-20,09:00,201.3749,100152.0,290.007,289.957,75.0667,73.4167,290.213,289.99,290.227,290.36,5.17183,146.767,7.71057,148.3,0.0,195.737,34.12,362.813,400.513,123.917,286.677,280.473,278.183,275.433,273.17,272.337,271.127,0.0964,0.5314,0.624733
2015-07-20,09:30,201.3957,100143.0,290.69,290.81,72.0733,71.0367,291.183,290.88,291.047,291.053,5.23617,146.0,7.78033,147.133,0.0,316.353,60.4867,346.87,407.577,195.157,286.86,280.68,278.21,275.43,273.17,272.333,271.127,0.0962,0.531233,0.624667
2015-07-20,10:00,201.4165,100123.0,291.683,291.967,66.43,65.9733,292.183,291.817,291.963,291.883,5.50072,141.866,8.24677,142.367,0.0,379.29,73.2833,347.267,415.047,238.23,287.2,280.933,278.247,275.42,273.17,272.34,271.13,0.0959,0.530967,0.6246
2015-07-20,10:30,201.4374,100119.0,292.15,292.433,63.7933,63.3767,292.693,292.32,292.463,292.387,5.23371,147.767,8.07747,149.567,0.0,384.01,72.6733,350.363,418.73,242.973,287.483,281.15,278.293,275.42,273.177,272.337,271.13,0.0954667,0.5306,0.624567
2015-07-20,11:00,201.4582,100116.0,292.403,292.727,62.1067,61.8967,292.943,292.56,292.703,292.617,5.21355,153.972,8.19981,156.136,0.0,385.913,71.85,347.73,421.083,240.71,287.803,281.403,278.347,275.41,273.177,272.34,271.13,0.0949667,0.530267,0.624533
2015-07-20,11:30,201.479,100088.0,293.273,293.807,60.0633,60.3933,294.547,293.977,293.98,293.66,5.09968,148.6,7.74806,148.934,0.0,631.377,121.057,342.66,436.017,416.96,288.27,281.77,278.41,275.41,273.173,272.34,271.13,0.0944667,0.5298,0.624567
2015-07-20,12:00,201.4999,100076.0,294.357,294.99,57.1033,57.5933,295.74,295.187,295.16,294.873,4.32085,166.187,6.83254,166.063,0.0,648.86,122.617,346.767,445.99,427.017,288.893,282.227,278.493,275.403,273.18,272.34,271.13,0.0939667,0.5293,0.6246
2015-07-20,12:30,201.5207,100056.0,295.03,295.75,53.8567,54.4933,296.343,295.75,295.723,295.44,4.11439,165.564,6.47906,166.599,0.0,625.74,116.513,359.783,451.4,417.607,289.373,282.72,278.593,275.403,273.177,272.34,271.13,0.0933667,0.528667,0.6246
2015-07-20,13:00,201.5415,100030.0,295.517,296.12,52.59,52.8533,296.787,296.22,296.253,296.02,3.7133,161.6,5.97344,162.8,0.0,583.18,107.89,360.467,451.867,383.89,289.647,283.147,278.703,275.403,273.18,272.34,271.13,0.0927,0.527967,0.624467
2015-07-20,13:30,201.5624,100018.0,296.25,296.957,48.1667,48.4767,297.493,296.897,296.93,296.65,4.03094,166.973,6.32772,168.603,0.0,633.23,115.923,358.18,457.297,418.19,290.033,283.733,278.833,275.407,273.18,272.34,271.13,0.0922,0.527233,0.624533
2015-07-20,14:00,201.5832,100004.0,296.607,297.21,45.9767,45.9967,297.923,297.343,297.38,297.147,4.04292,166.932,6.29783,166.365,0.0,633.837,115.097,359.8,458.923,419.617,290.283,284.133,278.983,275.41,273.18,272.34,271.13,0.0916667,0.5264,0.6245
2015-07-20,14:30,201.604,99983.0,297.61,298.35,41.7167,41.8533,298.99,298.403,298.44,298.183,4.31359,175.234,6.80695,176.135,0.0,699.807,129.407,361.447,467.66,464.187,290.7,284.607,279.157,275.42,273.18,272.34,271.13,0.0912333,0.5255,0.624433
2015-07-20,15:00,201.6249,99968.0,297.867,298.627,41.77,41.9567,299.19,298.643,298.703,298.45,4.80767,184.03,7.64537,185.494,0.0,689.643,128.19,360.287,467.763,453.983,291.067,284.95,279.343,275.43,273.19,272.347,271.133,0.0908,0.5246,0.624467
2015-07-20,15:30,201.6457,99937.3,297.807,298.237,42.6667,42.31,298.357,297.93,298.147,298.143,4.67024,186.028,7.46772,186.262,0.0,440.313,79.38,368.667,456.387,273.207,291.23,284.983,279.517,275.443,273.19,272.34,271.137,0.0904333,0.523667,0.6244
2015-07-20,16:00,201.6665,99914.3,298.143,298.537,41.5533,40.9567,298.903,298.443,298.643,298.637,4.38718,176.334,6.84992,177.367,0.0,490.207,91.0633,373.603,460.683,312.063,291.247,284.927,279.68,275.457,273.19,272.34,271.13,0.0901,0.5228,0.624333
2015-07-20,16:30,201.6873,99901.0,298.69,299.163,38.73,38.2167,299.277,298.847,299.043,299.05,4.79236,190.439,7.59178,191.044,0.0,504.61,94.7367,364.563,462.36,312.077,291.517,284.853,279.827,275.48,273.19,272.343,271.13,0.0898667,0.522067,0.6242
2015-07-20,17:00,201.7082,99877.0,298.543,298.857,37.8633,37.07,298.74,298.35,298.623,298.75,4.34161,177.434,6.71934,177.101,0.0,375.017,69.8533,363.86,455.73,213.293,291.607,284.657,279.943,275.503,273.19,272.343,271.14,0.0897,0.521367,0.624267
2015-07-20,17:30,201.729,99865.0,298.507,298.757,37.9033,36.7867,299.013,298.61,298.873,298.967,4.36414,180.931,6.8986,181.628,0.0,412.337,78.5833,377.027,457.597,253.183,291.533,284.603,280.04,275.53,273.193,272.347,271.14,0.0895333,0.520667,0.624233
2015-07-20,18:00,201.7498,99843.3,298.997,299.35,33.5733,32.7533,299.3,298.953,299.227,299.34,4.70628,175.399,7.57341,176.533,0.0,436.477,87.25,358.83,457.68,250.377,291.653,284.46,280.113,275.557,273.19,272.347,271.137,0.0893667,0.520033,0.624267
2015-07-20,18:30,201.7707,99824.0,299.077,299.38,33.63,32.7267,299.213,298.913,299.21,299.403,4.59208,178.701,7.40312,178.867,0.0,394.797,81.6267,356.517,455.283,214.403,291.64,284.233,280.163,275.58,273.19,272.34,271.133,0.0892667,0.5194,0.624133
2015-07-20,19:00,201.7915,99832.7,298.68,298.873,33.6467,32.65,298.497,298.257,298.61,298.877,4.8392,187.8,7.75521,190.233,0.0,318.09,67.09,353.8,448.597,156.21,291.627,284.027,280.193,275.613,273.2,272.34,271.133,0.0892,0.5189,0.624067
2015-07-20,19:30,201.8123,99843.7,297.75,297.73,37.55,36.15,297.327,297.107,297.497,297.887,3.95905,184.134,6.25046,185.669,0.0,228.65,48.4767,352.13,439.737,92.5633,291.437,283.753,280.21,275.65,273.2,272.35,271.14,0.0892,0.5184,0.6241
2015-07-20,20:00,201.8332,99839.0,296.37,295.997,43.63,41.35,295.147,295.043,295.61,296.183,3.18372,170.17,5.16436,169.969,0.0,98.9667,18.0167,349.59,423.823,6.71333,291.14,283.41,280.207,275.68,273.207,272.35,271.14,0.0893,0.518033,0.624033
2015-07-20,20:30,201.854,99843.0,294.88,294.28,51.0033,47.28,293.957,293.833,294.363,295.03,2.79998,151.899,4.53627,153.93,0.0,133.447,28.1067,354.773,418.297,41.8233,290.847,283.107,280.19,275.71,273.21,272.35,271.14,0.0895,0.5178,0.624033
2015-07-20,21:00,201.8748,99843.3,295.87,295.743,50.3333,48.02,294.997,294.79,295.247,295.737,2.75432,145.57,4.35699,146.706,0.0,148.893,34.94,351.693,422.9,42.7467,290.743,282.923,280.157,275.74,273.21,272.35,271.14,0.0898,0.517667,0.623933
2015-07-20,21:30,201.8956,99850.0,294.87,294.323,57.41,53.29,293.353,293.28,293.907,294.647,2.59644,133.161,4.26538,135.894,0.0,91.42,19.2967,353.67,413.613,12.18,290.573,282.673,280.117,275.77,273.217,272.35,271.14,0.0901333,0.5175,0.623567
2015-07-20,22:00,201.9165,99859.0,293.287,292.533,65.88,61.25,292.023,292.0,292.62,293.347,2.65244,127.968,4.38706,129.267,0.0,54.0533,9.88667,362.747,407.213,-0.296667,290.43,282.503,280.067,275.8,273.22,272.35,271.14,0.0905,0.517433,0.6219
2015-07-20,22:30,201.9373,99859.0,292.4,291.667,69.1767,64.97,291.307,291.283,291.85,292.54,2.87138,129.501,4.6594,130.267,0.0,36.3767,6.21,358.683,402.393,-13.54,290.287,282.33,280.013,275.823,273.22,272.35,271.137,0.0908333,0.5174,0.6219
2015-07-20,23:00,201.9581,99860.3,291.857,291.243,67.21,63.9833,291.077,291.06,291.597,292.147,3.30949,142.234,5.16866,141.734,0.0,21.1767,3.37667,350.54,398.96,-30.62,290.1,282.117,279.96,275.847,273.227,272.35,271.14,0.0912,0.5174,0.6218
2015-07-20,23:30,201.979,99872.0,291.62,291.1,63.6333,60.95,290.88,290.837,291.323,291.837,3.56911,141.907,5.50238,143.806,0.0,10.2333,0.92,357.157,397.897,-31.4267,289.903,281.93,279.9,275.867,273.23,272.35,271.14,0.0914333,0.517467,0.621767
2015-07-21,00:00,202.0,99870.0,290.837,290.373,66.1,63.63,290.3,290.223,290.677,291.117,3.80208,135.267,5.76224,137.166,0.0,3.71,0.0,361.603,395.473,-30.16,289.733,281.777,279.84,275.883,273.23,272.35,271.14,0.0917,0.5175,0.6218
2015-07-21,00:30,202.0208,99866.3,290.83,290.457,63.7933,61.79,290.517,290.403,290.817,291.177,4.29228,140.367,6.4962,140.967,0.0,0.0,0.0,365.933,396.893,-30.9633,289.58,281.673,279.777,275.897,273.237,272.35,271.143,0.092,0.517567,0.6217
2015-07-21,01:00,202.0416,99858.7,290.743,290.423,62.7267,60.9633,290.467,290.34,290.727,291.053,4.95634,137.733,7.62901,137.067,0.0,0.0,0.0,364.913,397.277,-32.3633,289.44,281.62,279.713,275.91,273.24,272.35,271.147,0.0923,0.517633,0.6216
2015-07-21,01:30,202.0624,99858.7,290.67,290.377,61.45,59.8167,290.473,290.337,290.71,291.017,5.54032,139.534,8.3641,141.333,0.0,0.0,0.0,364.243,397.457,-33.2133,289.29,281.58,279.653,275.92,273.24,272.35,271.15,0.0925333,0.517733,0.621633
2015-07-21,02:00,202.0833,99861.3,290.56,290.297,59.93,58.45,290.363,290.223,290.587,290.877,5.64317,147.1,8.54564,148.4,0.0,0.0,0.0,365.03,397.023,-31.99,289.13,281.523,279.6,275.927,273.25,272.35,271.15,0.0928,0.5178,0.6216
2015-07-21,02:30,202.1041,99887.0,290.18,289.923,60.1967,58.7467,289.95,289.817,290.167,290.457,5.08784,156.436,7.75184,157.104,0.0,0.0,0.0,364.85,394.967,-30.1167,288.953,281.45,279.547,275.93,273.25,272.353,271.15,0.0930333,0.517967,0.6216
2015-07-21,03:00,202.1249,99887.7,289.74,289.46,61.5233,59.99,289.49,289.363,289.713,290.027,4.70056,155.266,7.15848,156.333,0.0,1.85333,0.0,360.607,392.38,-29.9233,288.77,281.35,279.497,275.933,273.253,272.35,271.147,0.0931333,0.517933,0.621533
2015-07-21,03:30,202.1458,99869.3,289.537,289.27,62.7633,61.27,289.37,289.25,289.597,289.883,4.85749,147.033,7.40462,148.1,0.0,6.97333,0.0,358.63,391.84,-26.2367,288.607,281.263,279.443,275.933,273.26,272.35,271.15,0.0932667,0.518,0.621433
2015-07-21,04:00,202.1666,99862.7,289.42,289.183,63.0267,61.5933,289.277,289.15,289.477,289.75,5.00161,143.4,7.64261,144.933,0.0,8.28667,0.0,360.6,391.817,-22.9233,288.46,281.213,279.397,275.933,273.26,272.357,271.15,0.0934333,0.518033,0.6215
2015-07-21,04:30,202.1874,99873.7,289.2,288.977,63.7667,62.39,289.087,288.95,289.26,289.513,4.8127,140.933,7.40132,142.5,0.0,6.10667,0.0,366.11,391.29,-19.07,288.313,281.167,279.353,275.93,273.263,272.36,271.15,0.0935333,0.5181,0.6215
2015-07-21,05:00,202.2083,99862.3,289.117,288.907,63.71,62.4,289.087,288.93,289.227,289.463,5.14869,139.1,7.98453,140.1,0.0,13.63,1.06333,367.383,391.69,-11.7433,288.173,281.14,279.31,275.93,273.27,272.36,271.15,0.0936667,0.518133,0.6195
2015-07-21,05:30,202.2291,99858.7,289.09,288.903,63.59,62.3533,289.067,288.907,289.197,289.417,5.04197,137.633,7.81046,137.633,0.0,16.7533,1.77333,368.927,391.927,-8.01667,288.043,281.13,279.27,275.93,273.27,272.357,271.15,0.0937667,0.518233,0.6191
2015-07-21,06:00,202.2499,99858.7,288.997,288.823,64.0733,62.89,289.027,288.857,289.137,289.343,5.00723,138.833,7.74857,139.933,0.0,27.9533,3.89667,367.633,391.97,-0.273333,287.913,281.107,279.23,275.92,273.273,272.357,271.15,0.0938333,0.518267,0.619167
2015-07-21,06:30,202.2707,99858.7,289.023,288.877,63.8567,62.71,289.063,288.887,289.16,289.363,5.00816,147.167,7.85297,147.1,0.0,44.7967,6.97667,366.027,392.723,11.1233,287.807,281.123,279.2,275.92,273.28,272.36,271.15,0.0939,0.518233,0.6191
2015-07-21,07:00,202.2916,99859.0,289.087,288.96,63.81,62.7367,289.187,289.003,289.263,289.447,5.2396,148.666,8.24825,150.566,0.0,56.8633,9.16,368.083,393.717,22.07,287.703,281.143,279.17,275.91,273.28,272.36,271.15,0.0939,0.518233,0.619033
2015-07-21,07:30,202.3124,99861.3,289.167,289.063,63.6467,62.6,289.3,289.097,289.35,289.517,5.1605,149.699,7.92608,151.933,0.0,76.8467,12.6833,368.42,394.987,37.6033,287.627,281.183,279.15,275.907,273.28,272.36,271.15,0.0939,0.5182,0.619033
2015-07-21,08:00,202.3332,99866.7,289.283,289.2,63.54,62.54,289.417,289.21,289.457,289.62,5.44387,148.7,8.42044,151.467,0.0,88.6167,14.8667,367.12,395.92,44.9467,287.57,281.243,279.133,275.9,273.29,272.36,271.15,0.0938667,0.518133,0.619067
2015-07-21,08:30,202.3541,99879.3,289.55,289.517,63.52,62.6367,289.917,289.66,289.877,289.963,5.19712,149.667,7.80692,150.833,0.0,156.107,29.01,367.187,399.95,94.3267,287.53,281.317,279.12,275.89,273.29,272.36,271.15,0.0938,0.518,0.619
2015-07-21,09:00,202.3749,99878.3,290.023,290.07,61.9633,61.2733,290.253,289.987,290.203,290.287,5.39154,148.067,8.23544,149.267,0.0,165.967,29.56,366.603,402.663,100.343,287.59,281.473,279.117,275.883,273.29,272.36,271.153,0.0937,0.517967,0.618867
2015-07-21,09:30,202.3957,99867.3,290.197,290.193,62.4433,61.5867,290.467,290.21,290.44,290.543,5.19649,151.067,7.80317,151.533,0.0,154.777,27.5833,368.567,403.583,92.1767,287.583,281.567,279.12,275.873,273.29,272.36,271.153,0.0935,0.517767,0.618933
2015-07-21,10:00,202.4165,99866.7,290.527,290.503,62.86,61.85,290.757,290.5,290.737,290.863,4.89241,157.066,6.96361,157.433,0.0,149.893,26.3267,369.647,405.407,87.8,287.61,281.657,279.13,275.87,273.3,272.36,271.16,0.0933667,0.5176,0.618833
2015-07-21,10:30,202.4374,99874.7,290.857,290.843,62.77,61.7233,291.087,290.83,291.06,291.197,4.38776,164.033,6.76832,163.433,0.0,157.61,27.3533,370.863,407.577,93.54,287.647,281.767,279.143,275.867,273.3,272.36,271.16,0.0932667,0.5174,0.6189
2015-07-21,11:00,202.4582,99860.7,291.22,291.193,61.89,60.7567,291.423,291.167,291.41,291.56,4.29304,169.568,6.62327,170.867,0.0,157.547,27.2267,372.8,409.403,93.7233,287.7,281.857,279.163,275.857,273.3,272.36,271.16,0.0931333,0.517167,0.6189
2015-07-21,11:30,202.479,99859.3,291.5,291.473,60.7967,59.5533,291.673,291.407,291.66,291.82,4.2599,173.5,6.62665,173.5,0.0,159.897,27.2067,374.293,411.023,95.97,287.763,281.96,279.19,275.85,273.3,272.36,271.16,0.0929667,0.5169,0.618867
2015-07-21,12:00,202.4999,99855.7,291.74,291.707,62.0133,60.72,291.907,291.637,291.873,292.053,3.79759,173.367,5.7907,171.533,0.0,156.187,26.8533,377.613,412.58,94.3567,287.827,282.043,279.22,275.843,273.3,272.36,271.16,0.0928,0.5167,0.6187
2015-07-21,12:30,202.5207,99835.7,292.39,292.483,60.2733,59.1367,292.83,292.5,292.7,292.79,4.05262,179.968,6.35958,179.97,0.0,250.423,44.5967,376.897,420.12,162.6,287.987,282.233,279.257,275.847,273.307,272.367,271.16,0.0926667,0.5164,0.618633
2015-07-21,13:00,202.5415,99818.0,293.17,293.457,55.2867,54.6533,293.88,293.497,293.63,293.597,4.86784,184.167,7.8369,184.269,0.0,404.413,72.7167,379.59,429.94,281.35,288.267,282.607,279.3,275.84,273.31,272.37,271.16,0.0923667,0.516033,0.6187
2015-07-21,13:30,202.5624,99806.7,292.99,293.213,58.6933,58.0367,293.183,292.807,292.987,293.027,4.23075,208.976,6.88879,210.351,0.0,257.143,44.1067,383.443,424.577,171.9,288.483,282.817,279.353,275.837,273.31,272.36,271.16,0.092,0.515633,0.618633
2015-07-21,14:00,202.5832,99841.0,290.517,290.79,73.4833,73.5833,291.017,290.58,290.693,290.627,4.14865,261.501,7.07847,263.501,0.0,240.983,40.62,375.89,413.097,163.153,288.547,282.89,279.41,275.84,273.31,272.37,271.16,0.0918333,0.515133,0.618533
2015-07-21,14:30,202.604,99843.3,289.763,290.003,77.4233,77.3867,290.24,289.843,289.963,289.927,3.55059,255.231,6.10999,258.47,0.0,187.953,31.6367,374.823,407.483,123.667,288.563,282.9,279.47,275.84,273.31,272.37,271.16,0.0918,0.5148,0.618467
2015-07-21,15:00,202.6249,99837.0,289.017,289.057,83.9333,82.6333,289.25,288.957,289.143,289.213,2.70792,242.405,4.61701,244.836,0.0,113.643,19.37,377.537,398.637,73.17,288.453,282.723,279.523,275.84,273.313,272.37,271.16,0.0918,0.514533,0.6185
2015-07-21,15:30,202.6457,99840.3,288.917,288.9,87.2333,85.5,289.11,288.82,289.03,289.07,2.32845,209.756,3.76661,211.006,0.0,98.7167,16.17,378.6,397.017,64.1333,288.393,282.59,279.57,275.84,273.32,272.37,271.16,0.0919,0.514333,0.618633
2015-07-21,16:00,202.6665,99840.3,289.097,289.043,85.6667,83.8667,289.263,289.003,289.243,289.373,2.40326,189.766,4.00653,188.665,0.0,103.517,16.38,377.58,397.51,67.21,288.377,282.503,279.6,275.847,273.32,272.37,271.16,0.0921,0.514267,0.6187
2015-07-21,16:30,202.6873,99840.3,289.227,289.12,83.6333,81.5,289.177,288.9,289.187,289.293,2.84022,184.311,4.74341,184.073,0.0001,103.387,17.7233,378.283,395.847,68.11,288.36,282.437,279.627,275.85,273.32,272.363,271.163,0.0922667,0.5142,0.6186
2015-07-21,17:00,202.7082,99847.3,288.727,288.587,88.4667,86.3333,288.7,288.473,288.743,288.893,2.6769,171.622,4.55417,172.728,0.0001,80.69,12.0633,375.7,393.12,51.2067,288.327,282.34,279.637,275.86,273.32,272.37,271.167,0.0924333,0.514167,0.618633
2015-07-21,17:30,202.729,99842.3,288.97,288.82,83.9333,81.5733,288.937,288.687,288.987,289.17,2.88886,174.078,4.73845,174.313,0.0,105.027,17.0767,373.067,394.057,66.96,288.29,282.287,279.64,275.867,273.327,272.37,271.167,0.0926333,0.514133,0.618633
2015-07-21,18:00,202.7498,99835.3,288.903,288.883,87.3333,85.8333,289.167,288.903,289.133,289.25,3.18002,147.668,4.97057,149.135,0.0,135.343,20.52,372.507,396.633,90.7,288.317,282.29,279.64,275.877,273.33,272.37,271.17,0.0927667,0.514167,0.618733
2015-07-21,18:30,202.7707,99820.7,288.873,288.883,87.9,86.8,289.073,288.833,289.027,289.137,3.50699,147.566,5.49035,149.833,0.0,121.837,17.79,371.143,396.2,78.99,288.367,282.323,279.64,275.883,273.33,272.37,271.17,0.0929333,0.5141,0.618767
2015-07-21,19:00,202.7915,99822.3,288.687,288.647,88.2333,87.1,288.857,288.64,288.84,288.983,3.36135,153.667,5.23851,154.167,0.0,83.4567,11.0233,372.83,394.37,50.8933,288.35,282.263,279.64,275.89,273.33,272.37,271.167,0.0930333,0.5141,0.618567
2015-07-21,19:30,202.8123,99830.0,288.697,288.67,87.3,86.2667,288.933,288.71,288.903,289.027,3.50702,154.333,5.48981,156.067,0.0,98.4267,14.7967,374.457,394.947,63.1367,288.33,282.227,279.64,275.9,273.33,272.37,271.17,0.0931,0.514033,0.618633
2015-07-21,20:00,202.8332,99833.3,288.72,288.687,86.2667,85.2333,288.903,288.683,288.88,289.02,3.29642,150.933,5.14222,153.033,0.0,83.2167,12.58,374.707,394.587,50.7567,288.313,282.18,279.633,275.91,273.33,272.37,271.17,0.0932,0.514033,0.618633
2015-07-21,20:30,202.854,99843.0,288.607,288.537,86.2,85.1333,288.717,288.523,288.747,288.917,3.39642,152.932,4.99786,154.0,0.0,67.5333,9.42,365.067,392.54,30.64,288.27,282.09,279.627,275.913,273.34,272.37,271.17,0.0933,0.514,0.618667
2015-07-21,21:00,202.8748,99857.7,288.59,288.5,86.6,85.5667,288.633,288.463,288.697,288.893,3.35435,155.4,4.94093,155.3,0.0,63.79,8.77333,354.783,391.407,18.3967,288.22,281.963,279.617,275.92,273.34,272.37,271.17,0.0933667,0.514,0.618567
2015-07-21,21:30,202.8956,99864.7,288.55,288.43,87.6667,86.5,288.627,288.443,288.683,288.873,3.33033,154.6,4.99526,155.4,0.0,45.1167,4.54333,365.097,391.363,14.3067,288.17,281.857,279.597,275.927,273.34,272.37,271.17,0.0935,0.514,0.6185
2015-07-21,22:00,202.9165,99886.3,288.46,288.353,87.6667,86.5667,288.54,288.34,288.573,288.747,3.27186,175.575,4.98045,175.12,0.0,33.8433,2.48667,374.733,391.403,14.6867,288.147,281.797,279.577,275.933,273.343,272.37,271.17,0.0936,0.514,0.618533
2015-07-21,22:30,202.9373,99913.0,288.337,288.21,89.5333,88.4333,288.407,288.203,288.44,288.623,2.83985,217.829,4.49113,218.079,0.0,12.0067,0.0,383.293,390.62,4.67667,288.11,281.687,279.55,275.94,273.35,272.37,271.17,0.0937333,0.514033,0.618433
2015-07-21,23:00,202.9581,99921.7,287.647,287.567,93.0,92.2667,287.733,287.517,287.727,287.877,2.84564,243.305,4.68108,246.438,0.0,5.56667,0.0,381.977,387.62,-0.0833333,288.08,281.563,279.52,275.947,273.35,272.37,271.17,0.0938667,0.5141,0.6185
2015-07-21,23:30,202.979,99941.7,287.067,286.983,96.7667,96.0,287.183,286.967,287.177,287.3,2.81987,235.433,4.46801,238.134,0.0,0.0,0.0,380.55,384.663,-4.11,288.01,281.43,279.487,275.95,273.35,272.37,271.17,0.0939667,0.5141,0.618467
2015-07-22,00:00,203.0,99944.3,286.623,286.54,99.8333,99.2,286.807,286.61,286.817,286.943,2.65191,211.289,4.08835,214.122,0.0,0.0,0.0,379.837,382.683,-2.85,287.953,281.313,279.45,275.953,273.357,272.37,271.17,0.0941333,0.514133,0.618533
